Date,Source,Site ID,POC,Daily Max 8-hour CO Concentration,Units,Daily AQI Value,Local Site Name,Daily Obs Count,Percent Complete,AQS Parameter Code,AQS Parameter Description,Method Code,CBSA Code,CBSA Name,State FIPS Code,State,County FIPS Code,County,Site Latitude,Site Longitude
01/01/2026,AQS,390350051,1,0.2,ppm,2,Galleria,19,79.0000,42101,Carbon monoxide,54,17460,"Cleveland-Elyria, OH",39,Ohio,35,Cuyahoga,41.504605,-81.69045
01/02/2026,AQS,390350051,1,0.3,ppm,3,Galleria,24,100.0000,42101,Carbon monoxide,54,17460,"Cleveland-Elyria, OH",39,Ohio,35,Cuyahoga,41.504605,-81.69045
01/03/2026,AQS,390350051,1,0.3,ppm,3,Galleria,24,100.0000,42101,Carbon monoxide,54,17460,"Cleveland-Elyria, OH",39,Ohio,35,Cuyahoga,41.504605,-81.69045
01/04/2026,AQS,390350051,1,0.3,ppm,3,Galleria,24,100.0000,42101,Carbon monoxide,54,17460,"Cleveland-Elyria, OH",39,Ohio,35,Cuyahoga,41.504605,-81.69045
01/05/2026,AQS,390350051,1,0.7,ppm,8,Galleria,24,100.0000,42101,Carbon monoxide,54,17460,"Cleveland-Elyria, OH",39,Ohio,35,Cuyahoga,41.504605,-81.69045
01/06/2026,AQS,390350051,1,0.6,ppm,7,Galleria,24,100.0000,42101,Carbon monoxide,54,17460,"Cleveland-Elyria, OH",39,Ohio,35,Cuyahoga,41.504605,-81.69045
01/07/2026,AQS,390350051,1,0.5,ppm,6,Galleria,24,100.0000,42101,Carbon monoxide,54,17460,"Cleveland-Elyria, OH",39,Ohio,35,Cuyahoga,41.504605,-81.69045
01/08/2026,AQS,390350051,1,0.7,ppm,8,Galleria,24,100.0000,42101,Carbon monoxide,54,17460,"Cleveland-Elyria, OH",39,Ohio,35,Cuyahoga,41.504605,-81.69045
01/09/2026,AQS,390350051,1,0.5,ppm,6,Galleria,24,100.0000,42101,Carbon monoxide,54,17460,"Cleveland-Elyria, OH",39,Ohio,35,Cuyahoga,41.504605,-81.69045
01/10/2026,AQS,390350051,1,0.5,ppm,6,Galleria,24,100.0000,42101,Carbon monoxide,54,17460,"Cleveland-Elyria, OH",39,Ohio,35,Cuyahoga,41.504605,-81.69045
01/11/2026,AQS,390350051,1,0.4,ppm,5,Galleria,24,100.0000,42101,Carbon monoxide,54,17460,"Cleveland-Elyria, OH",39,Ohio,35,Cuyahoga,41.504605,-81.69045
01/12/2026,AQS,390350051,1,0.5,ppm,6,Galleria,24,100.0000,42101,Carbon monoxide,54,17460,"Cleveland-Elyria, OH",39,Ohio,35,Cuyahoga,41.504605,-81.69045
01/13/2026,AQS,390350051,1,0.8,ppm,9,Galleria,24,100.0000,42101,Carbon monoxide,54,17460,"Cleveland-Elyria, OH",39,Ohio,35,Cuyahoga,41.504605,-81.69045
01/14/2026,AQS,390350051,1,0.5,ppm,6,Galleria,24,100.0000,42101,Carbon monoxide,54,17460,"Cleveland-Elyria, OH",39,Ohio,35,Cuyahoga,41.504605,-81.69045
01/15/2026,AQS,390350051,1,0.5,ppm,6,Galleria,24,100.0000,42101,Carbon monoxide,54,17460,"Cleveland-Elyria, OH",39,Ohio,35,Cuyahoga,41.504605,-81.69045
01/16/2026,AQS,390350051,1,0.6,ppm,7,Galleria,24,100.0000,42101,Carbon monoxide,54,17460,"Cleveland-Elyria, OH",39,Ohio,35,Cuyahoga,41.504605,-81.69045
01/17/2026,AQS,390350051,1,0.5,ppm,6,Galleria,24,100.0000,42101,Carbon monoxide,54,17460,"Cleveland-Elyria, OH",39,Ohio,35,Cuyahoga,41.504605,-81.69045
01/18/2026,AQS,390350051,1,0.5,ppm,6,Galleria,24,100.0000,42101,Carbon monoxide,54,17460,"Cleveland-Elyria, OH",39,Ohio,35,Cuyahoga,41.504605,-81.69045
01/19/2026,AQS,390350051,1,0.5,ppm,6,Galleria,24,100.0000,42101,Carbon monoxide,54,17460,"Cleveland-Elyria, OH",39,Ohio,35,Cuyahoga,41.504605,-81.69045
01/20/2026,AQS,390350051,1,0.5,ppm,6,Galleria,24,100.0000,42101,Carbon monoxide,54,17460,"Cleveland-Elyria, OH",39,Ohio,35,Cuyahoga,41.504605,-81.69045
01/21/2026,AQS,390350051,1,0.8,ppm,9,Galleria,24,100.0000,42101,Carbon monoxide,54,17460,"Cleveland-Elyria, OH",39,Ohio,35,Cuyahoga,41.504605,-81.69045
01/22/2026,AQS,390350051,1,0.6,ppm,7,Galleria,17,71.0000,42101,Carbon monoxide,54,17460,"Cleveland-Elyria, OH",39,Ohio,35,Cuyahoga,41.504605,-81.69045
01/23/2026,AQS,390350051,1,0.5,ppm,6,Galleria,24,100.0000,42101,Carbon monoxide,54,17460,"Cleveland-Elyria, OH",39,Ohio,35,Cuyahoga,41.504605,-81.69045
01/24/2026,AQS,390350051,1,0.6,ppm,7,Galleria,24,100.0000,42101,Carbon monoxide,54,17460,"Cleveland-Elyria, OH",39,Ohio,35,Cuyahoga,41.504605,-81.69045
01/25/2026,AQS,390350051,1,0.5,ppm,6,Galleria,24,100.0000,42101,Carbon monoxide,54,17460,"Cleveland-Elyria, OH",39,Ohio,35,Cuyahoga,41.504605,-81.69045
01/26/2026,AQS,390350051,1,0.6,ppm,7,Galleria,24,100.0000,42101,Carbon monoxide,54,17460,"Cleveland-Elyria, OH",39,Ohio,35,Cuyahoga,41.504605,-81.69045
01/27/2026,AQS,390350051,1,0.6,ppm,7,Galleria,24,100.0000,42101,Carbon monoxide,54,17460,"Cleveland-Elyria, OH",39,Ohio,35,Cuyahoga,41.504605,-81.69045
01/28/2026,AQS,390350051,1,0.6,ppm,7,Galleria,24,100.0000,42101,Carbon monoxide,54,17460,"Cleveland-Elyria, OH",39,Ohio,35,Cuyahoga,41.504605,-81.69045
01/29/2026,AQS,390350051,1,0.5,ppm,6,Galleria,24,100.0000,42101,Carbon monoxide,54,17460,"Cleveland-Elyria, OH",39,Ohio,35,Cuyahoga,41.504605,-81.69045
01/30/2026,AQS,390350051,1,0.8,ppm,9,Galleria,24,100.0000,42101,Carbon monoxide,54,17460,"Cleveland-Elyria, OH",39,Ohio,35,Cuyahoga,41.504605,-81.69045
01/31/2026,AQS,390350051,1,0.7,ppm,8,Galleria,24,100.0000,42101,Carbon monoxide,54,17460,"Cleveland-Elyria, OH",39,Ohio,35,Cuyahoga,41.504605,-81.69045
02/01/2026,AQS,390350051,1,0.6,ppm,7,Galleria,24,100.0000,42101,Carbon monoxide,54,17460,"Cleveland-Elyria, OH",39,Ohio,35,Cuyahoga,41.504605,-81.69045
02/02/2026,AQS,390350051,1,0.9,ppm,10,Galleria,24,100.0000,42101,Carbon monoxide,54,17460,"Cleveland-Elyria, OH",39,Ohio,35,Cuyahoga,41.504605,-81.69045
02/03/2026,AQS,390350051,1,0.3,ppm,3,Galleria,24,100.0000,42101,Carbon monoxide,54,17460,"Cleveland-Elyria, OH",39,Ohio,35,Cuyahoga,41.504605,-81.69045
02/04/2026,AQS,390350051,1,0.3,ppm,3,Galleria,24,100.0000,42101,Carbon monoxide,54,17460,"Cleveland-Elyria, OH",39,Ohio,35,Cuyahoga,41.504605,-81.69045
02/05/2026,AQS,390350051,1,0.5,ppm,6,Galleria,24,100.0000,42101,Carbon monoxide,54,17460,"Cleveland-Elyria, OH",39,Ohio,35,Cuyahoga,41.504605,-81.69045
02/06/2026,AQS,390350051,1,0.4,ppm,5,Galleria,24,100.0000,42101,Carbon monoxide,54,17460,"Cleveland-Elyria, OH",39,Ohio,35,Cuyahoga,41.504605,-81.69045
02/07/2026,AQS,390350051,1,0.3,ppm,3,Galleria,24,100.0000,42101,Carbon monoxide,54,17460,"Cleveland-Elyria, OH",39,Ohio,35,Cuyahoga,41.504605,-81.69045
02/08/2026,AQS,390350051,1,0.5,ppm,6,Galleria,24,100.0000,42101,Carbon monoxide,54,17460,"Cleveland-Elyria, OH",39,Ohio,35,Cuyahoga,41.504605,-81.69045
02/09/2026,AQS,390350051,1,0.7,ppm,8,Galleria,24,100.0000,42101,Carbon monoxide,54,17460,"Cleveland-Elyria, OH",39,Ohio,35,Cuyahoga,41.504605,-81.69045
02/10/2026,AQS,390350051,1,0.8,ppm,9,Galleria,24,100.0000,42101,Carbon monoxide,54,17460,"Cleveland-Elyria, OH",39,Ohio,35,Cuyahoga,41.504605,-81.69045
02/11/2026,AQS,390350051,1,0.4,ppm,5,Galleria,24,100.0000,42101,Carbon monoxide,54,17460,"Cleveland-Elyria, OH",39,Ohio,35,Cuyahoga,41.504605,-81.69045
02/12/2026,AQS,390350051,1,0.5,ppm,6,Galleria,24,100.0000,42101,Carbon monoxide,54,17460,"Cleveland-Elyria, OH",39,Ohio,35,Cuyahoga,41.504605,-81.69045
02/13/2026,AQS,390350051,1,0.6,ppm,7,Galleria,24,100.0000,42101,Carbon monoxide,54,17460,"Cleveland-Elyria, OH",39,Ohio,35,Cuyahoga,41.504605,-81.69045
02/14/2026,AQS,390350051,1,0.8,ppm,9,Galleria,24,100.0000,42101,Carbon monoxide,54,17460,"Cleveland-Elyria, OH",39,Ohio,35,Cuyahoga,41.504605,-81.69045
02/15/2026,AQS,390350051,1,0.8,ppm,9,Galleria,24,100.0000,42101,Carbon monoxide,54,17460,"Cleveland-Elyria, OH",39,Ohio,35,Cuyahoga,41.504605,-81.69045
02/16/2026,AQS,390350051,1,0.7,ppm,8,Galleria,24,100.0000,42101,Carbon monoxide,54,17460,"Cleveland-Elyria, OH",39,Ohio,35,Cuyahoga,41.504605,-81.69045
02/17/2026,AQS,390350051,1,0.8,ppm,9,Galleria,24,100.0000,42101,Carbon monoxide,54,17460,"Cleveland-Elyria, OH",39,Ohio,35,Cuyahoga,41.504605,-81.69045
02/18/2026,AQS,390350051,1,0.8,ppm,9,Galleria,24,100.0000,42101,Carbon monoxide,54,17460,"Cleveland-Elyria, OH",39,Ohio,35,Cuyahoga,41.504605,-81.69045
02/19/2026,AQS,390350051,1,0.8,ppm,9,Galleria,24,100.0000,42101,Carbon monoxide,54,17460,"Cleveland-Elyria, OH",39,Ohio,35,Cuyahoga,41.504605,-81.69045
02/20/2026,AQS,390350051,1,0.8,ppm,9,Galleria,24,100.0000,42101,Carbon monoxide,54,17460,"Cleveland-Elyria, OH",39,Ohio,35,Cuyahoga,41.504605,-81.69045
02/21/2026,AQS,390350051,1,0.6,ppm,7,Galleria,24,100.0000,42101,Carbon monoxide,54,17460,"Cleveland-Elyria, OH",39,Ohio,35,Cuyahoga,41.504605,-81.69045
02/22/2026,AQS,390350051,1,0.7,ppm,8,Galleria,24,100.0000,42101,Carbon monoxide,54,17460,"Cleveland-Elyria, OH",39,Ohio,35,Cuyahoga,41.504605,-81.69045
02/23/2026,AQS,390350051,1,0.6,ppm,7,Galleria,24,100.0000,42101,Carbon monoxide,54,17460,"Cleveland-Elyria, OH",39,Ohio,35,Cuyahoga,41.504605,-81.69045
02/24/2026,AQS,390350051,1,0.4,ppm,5,Galleria,24,100.0000,42101,Carbon monoxide,54,17460,"Cleveland-Elyria, OH",39,Ohio,35,Cuyahoga,41.504605,-81.69045
02/25/2026,AQS,390350051,1,0.3,ppm,3,Galleria,24,100.0000,42101,Carbon monoxide,54,17460,"Cleveland-Elyria, OH",39,Ohio,35,Cuyahoga,41.504605,-81.69045
02/26/2026,AQS,390350051,1,0.6,ppm,7,Galleria,24,100.0000,42101,Carbon monoxide,54,17460,"Cleveland-Elyria, OH",39,Ohio,35,Cuyahoga,41.504605,-81.69045
02/27/2026,AQS,390350051,1,1,ppm,11,Galleria,24,100.0000,42101,Carbon monoxide,54,17460,"Cleveland-Elyria, OH",39,Ohio,35,Cuyahoga,41.504605,-81.69045
02/28/2026,AQS,390350051,1,0.3,ppm,3,Galleria,24,100.0000,42101,Carbon monoxide,54,17460,"Cleveland-Elyria, OH",39,Ohio,35,Cuyahoga,41.504605,-81.69045
03/01/2026,AQS,390350051,1,0.2,ppm,2,Galleria,24,100.0000,42101,Carbon monoxide,54,17460,"Cleveland-Elyria, OH",39,Ohio,35,Cuyahoga,41.504605,-81.69045
03/02/2026,AQS,390350051,1,0.4,ppm,5,Galleria,24,100.0000,42101,Carbon monoxide,54,17460,"Cleveland-Elyria, OH",39,Ohio,35,Cuyahoga,41.504605,-81.69045
03/03/2026,AQS,390350051,1,0.6,ppm,7,Galleria,24,100.0000,42101,Carbon monoxide,54,17460,"Cleveland-Elyria, OH",39,Ohio,35,Cuyahoga,41.504605,-81.69045
03/04/2026,AQS,390350051,1,0.5,ppm,6,Galleria,24,100.0000,42101,Carbon monoxide,54,17460,"Cleveland-Elyria, OH",39,Ohio,35,Cuyahoga,41.504605,-81.69045
03/05/2026,AQS,390350051,1,0.8,ppm,9,Galleria,24,100.0000,42101,Carbon monoxide,54,17460,"Cleveland-Elyria, OH",39,Ohio,35,Cuyahoga,41.504605,-81.69045
03/06/2026,AQS,390350051,1,0.7,ppm,8,Galleria,24,100.0000,42101,Carbon monoxide,54,17460,"Cleveland-Elyria, OH",39,Ohio,35,Cuyahoga,41.504605,-81.69045
03/07/2026,AQS,390350051,1,0.6,ppm,7,Galleria,24,100.0000,42101,Carbon monoxide,54,17460,"Cleveland-Elyria, OH",39,Ohio,35,Cuyahoga,41.504605,-81.69045
03/08/2026,AQS,390350051,1,0.4,ppm,5,Galleria,24,100.0000,42101,Carbon monoxide,54,17460,"Cleveland-Elyria, OH",39,Ohio,35,Cuyahoga,41.504605,-81.69045
03/09/2026,AQS,390350051,1,0.4,ppm,5,Galleria,24,100.0000,42101,Carbon monoxide,54,17460,"Cleveland-Elyria, OH",39,Ohio,35,Cuyahoga,41.504605,-81.69045
03/10/2026,AQS,390350051,1,0.7,ppm,8,Galleria,24,100.0000,42101,Carbon monoxide,54,17460,"Cleveland-Elyria, OH",39,Ohio,35,Cuyahoga,41.504605,-81.69045
03/11/2026,AQS,390350051,1,0.7,ppm,8,Galleria,24,100.0000,42101,Carbon monoxide,54,17460,"Cleveland-Elyria, OH",39,Ohio,35,Cuyahoga,41.504605,-81.69045
03/12/2026,AQS,390350051,1,0.4,ppm,5,Galleria,24,100.0000,42101,Carbon monoxide,54,17460,"Cleveland-Elyria, OH",39,Ohio,35,Cuyahoga,41.504605,-81.69045
03/13/2026,AQS,390350051,1,0.6,ppm,7,Galleria,24,100.0000,42101,Carbon monoxide,54,17460,"Cleveland-Elyria, OH",39,Ohio,35,Cuyahoga,41.504605,-81.69045
03/14/2026,AQS,390350051,1,0.5,ppm,6,Galleria,24,100.0000,42101,Carbon monoxide,54,17460,"Cleveland-Elyria, OH",39,Ohio,35,Cuyahoga,41.504605,-81.69045
03/15/2026,AQS,390350051,1,0.6,ppm,7,Galleria,24,100.0000,42101,Carbon monoxide,54,17460,"Cleveland-Elyria, OH",39,Ohio,35,Cuyahoga,41.504605,-81.69045
03/16/2026,AQS,390350051,1,0.6,ppm,7,Galleria,24,100.0000,42101,Carbon monoxide,54,17460,"Cleveland-Elyria, OH",39,Ohio,35,Cuyahoga,41.504605,-81.69045
03/17/2026,AQS,390350051,1,0.5,ppm,6,Galleria,24,100.0000,42101,Carbon monoxide,54,17460,"Cleveland-Elyria, OH",39,Ohio,35,Cuyahoga,41.504605,-81.69045
03/18/2026,AQS,390350051,1,0.6,ppm,7,Galleria,24,100.0000,42101,Carbon monoxide,54,17460,"Cleveland-Elyria, OH",39,Ohio,35,Cuyahoga,41.504605,-81.69045
03/19/2026,AQS,390350051,1,0.7,ppm,8,Galleria,24,100.0000,42101,Carbon monoxide,54,17460,"Cleveland-Elyria, OH",39,Ohio,35,Cuyahoga,41.504605,-81.69045
03/20/2026,AQS,390350051,1,0.9,ppm,10,Galleria,24,100.0000,42101,Carbon monoxide,54,17460,"Cleveland-Elyria, OH",39,Ohio,35,Cuyahoga,41.504605,-81.69045
03/21/2026,AQS,390350051,1,0.9,ppm,10,Galleria,24,100.0000,42101,Carbon monoxide,54,17460,"Cleveland-Elyria, OH",39,Ohio,35,Cuyahoga,41.504605,-81.69045
03/22/2026,AQS,390350051,1,0.9,ppm,10,Galleria,24,100.0000,42101,Carbon monoxide,54,17460,"Cleveland-Elyria, OH",39,Ohio,35,Cuyahoga,41.504605,-81.69045
03/23/2026,AQS,390350051,1,0.7,ppm,8,Galleria,24,100.0000,42101,Carbon monoxide,54,17460,"Cleveland-Elyria, OH",39,Ohio,35,Cuyahoga,41.504605,-81.69045
03/24/2026,AQS,390350051,1,0.5,ppm,6,Galleria,24,100.0000,42101,Carbon monoxide,54,17460,"Cleveland-Elyria, OH",39,Ohio,35,Cuyahoga,41.504605,-81.69045
03/25/2026,AQS,390350051,1,0.5,ppm,6,Galleria,24,100.0000,42101,Carbon monoxide,54,17460,"Cleveland-Elyria, OH",39,Ohio,35,Cuyahoga,41.504605,-81.69045
03/26/2026,AQS,390350051,1,0.6,ppm,7,Galleria,24,100.0000,42101,Carbon monoxide,54,17460,"Cleveland-Elyria, OH",39,Ohio,35,Cuyahoga,41.504605,-81.69045
03/27/2026,AQS,390350051,1,0.5,ppm,6,Galleria,24,100.0000,42101,Carbon monoxide,54,17460,"Cleveland-Elyria, OH",39,Ohio,35,Cuyahoga,41.504605,-81.69045
03/28/2026,AQS,390350051,1,0.6,ppm,7,Galleria,24,100.0000,42101,Carbon monoxide,54,17460,"Cleveland-Elyria, OH",39,Ohio,35,Cuyahoga,41.504605,-81.69045
03/30/2026,AQS,390350051,1,0.7,ppm,8,Galleria,12,50.0000,42101,Carbon monoxide,54,17460,"Cleveland-Elyria, OH",39,Ohio,35,Cuyahoga,41.504605,-81.69045
03/31/2026,AQS,390350051,1,0.7,ppm,8,Galleria,24,100.0000,42101,Carbon monoxide,54,17460,"Cleveland-Elyria, OH",39,Ohio,35,Cuyahoga,41.504605,-81.69045
04/01/2026,AQS,390350051,1,0.7,ppm,8,Galleria,24,100.0000,42101,Carbon monoxide,54,17460,"Cleveland-Elyria, OH",39,Ohio,35,Cuyahoga,41.504605,-81.69045
04/02/2026,AQS,390350051,1,0.5,ppm,6,Galleria,24,100.0000,42101,Carbon monoxide,54,17460,"Cleveland-Elyria, OH",39,Ohio,35,Cuyahoga,41.504605,-81.69045
04/03/2026,AQS,390350051,1,0.5,ppm,6,Galleria,24,100.0000,42101,Carbon monoxide,54,17460,"Cleveland-Elyria, OH",39,Ohio,35,Cuyahoga,41.504605,-81.69045
04/04/2026,AQS,390350051,1,0.4,ppm,5,Galleria,24,100.0000,42101,Carbon monoxide,54,17460,"Cleveland-Elyria, OH",39,Ohio,35,Cuyahoga,41.504605,-81.69045
04/05/2026,AQS,390350051,1,0.3,ppm,3,Galleria,24,100.0000,42101,Carbon monoxide,54,17460,"Cleveland-Elyria, OH",39,Ohio,35,Cuyahoga,41.504605,-81.69045
04/06/2026,AQS,390350051,1,0.3,ppm,3,Galleria,17,71.0000,42101,Carbon monoxide,54,17460,"Cleveland-Elyria, OH",39,Ohio,35,Cuyahoga,41.504605,-81.69045
04/07/2026,AQS,390350051,1,0.3,ppm,3,Galleria,13,54.0000,42101,Carbon monoxide,54,17460,"Cleveland-Elyria, OH",39,Ohio,35,Cuyahoga,41.504605,-81.69045
04/10/2026,AQS,390350051,1,0.4,ppm,5,Galleria,17,71.0000,42101,Carbon monoxide,54,17460,"Cleveland-Elyria, OH",39,Ohio,35,Cuyahoga,41.504605,-81.69045
04/11/2026,AQS,390350051,1,0.2,ppm,2,Galleria,24,100.0000,42101,Carbon monoxide,54,17460,"Cleveland-Elyria, OH",39,Ohio,35,Cuyahoga,41.504605,-81.69045
04/12/2026,AQS,390350051,1,0.4,ppm,5,Galleria,24,100.0000,42101,Carbon monoxide,54,17460,"Cleveland-Elyria, OH",39,Ohio,35,Cuyahoga,41.504605,-81.69045
04/13/2026,AQS,390350051,1,0.3,ppm,3,Galleria,24,100.0000,42101,Carbon monoxide,54,17460,"Cleveland-Elyria, OH",39,Ohio,35,Cuyahoga,41.504605,-81.69045
04/14/2026,AQS,390350051,1,0.4,ppm,5,Galleria,24,100.0000,42101,Carbon monoxide,54,17460,"Cleveland-Elyria, OH",39,Ohio,35,Cuyahoga,41.504605,-81.69045
04/15/2026,AQS,390350051,1,0.4,ppm,5,Galleria,24,100.0000,42101,Carbon monoxide,54,17460,"Cleveland-Elyria, OH",39,Ohio,35,Cuyahoga,41.504605,-81.69045
04/16/2026,AQS,390350051,1,0.4,ppm,5,Galleria,24,100.0000,42101,Carbon monoxide,54,17460,"Cleveland-Elyria, OH",39,Ohio,35,Cuyahoga,41.504605,-81.69045
04/17/2026,AQS,390350051,1,0.4,ppm,5,Galleria,24,100.0000,42101,Carbon monoxide,54,17460,"Cleveland-Elyria, OH",39,Ohio,35,Cuyahoga,41.504605,-81.69045
04/18/2026,AQS,390350051,1,0.5,ppm,6,Galleria,24,100.0000,42101,Carbon monoxide,54,17460,"Cleveland-Elyria, OH",39,Ohio,35,Cuyahoga,41.504605,-81.69045
04/19/2026,AQS,390350051,1,0.2,ppm,2,Galleria,24,100.0000,42101,Carbon monoxide,54,17460,"Cleveland-Elyria, OH",39,Ohio,35,Cuyahoga,41.504605,-81.69045
04/20/2026,AQS,390350051,1,0.4,ppm,5,Galleria,24,100.0000,42101,Carbon monoxide,54,17460,"Cleveland-Elyria, OH",39,Ohio,35,Cuyahoga,41.504605,-81.69045
04/21/2026,AQS,390350051,1,0.5,ppm,6,Galleria,24,100.0000,42101,Carbon monoxide,54,17460,"Cleveland-Elyria, OH",39,Ohio,35,Cuyahoga,41.504605,-81.69045
04/22/2026,AQS,390350051,1,0.5,ppm,6,Galleria,24,100.0000,42101,Carbon monoxide,54,17460,"Cleveland-Elyria, OH",39,Ohio,35,Cuyahoga,41.504605,-81.69045
04/23/2026,AQS,390350051,1,0.8,ppm,9,Galleria,24,100.0000,42101,Carbon monoxide,54,17460,"Cleveland-Elyria, OH",39,Ohio,35,Cuyahoga,41.504605,-81.69045
04/24/2026,AQS,390350051,1,0.9,ppm,10,Galleria,24,100.0000,42101,Carbon monoxide,54,17460,"Cleveland-Elyria, OH",39,Ohio,35,Cuyahoga,41.504605,-81.69045
04/25/2026,AQS,390350051,1,0.7,ppm,8,Galleria,24,100.0000,42101,Carbon monoxide,54,17460,"Cleveland-Elyria, OH",39,Ohio,35,Cuyahoga,41.504605,-81.69045
04/26/2026,AQS,390350051,1,0.5,ppm,6,Galleria,24,100.0000,42101,Carbon monoxide,54,17460,"Cleveland-Elyria, OH",39,Ohio,35,Cuyahoga,41.504605,-81.69045
04/27/2026,AQS,390350051,1,0.5,ppm,6,Galleria,24,100.0000,42101,Carbon monoxide,54,17460,"Cleveland-Elyria, OH",39,Ohio,35,Cuyahoga,41.504605,-81.69045
04/28/2026,AQS,390350051,1,0.6,ppm,7,Galleria,24,100.0000,42101,Carbon monoxide,54,17460,"Cleveland-Elyria, OH",39,Ohio,35,Cuyahoga,41.504605,-81.69045
04/29/2026,AQS,390350051,1,0.7,ppm,8,Galleria,24,100.0000,42101,Carbon monoxide,54,17460,"Cleveland-Elyria, OH",39,Ohio,35,Cuyahoga,41.504605,-81.69045
04/30/2026,AQS,390350051,1,0.4,ppm,5,Galleria,24,100.0000,42101,Carbon monoxide,54,17460,"Cleveland-Elyria, OH",39,Ohio,35,Cuyahoga,41.504605,-81.69045
05/01/2026,AQS,390350051,1,0.5,ppm,6,Galleria,24,100.0000,42101,Carbon monoxide,54,17460,"Cleveland-Elyria, OH",39,Ohio,35,Cuyahoga,41.504605,-81.69045
05/02/2026,AQS,390350051,1,0.5,ppm,6,Galleria,24,100.0000,42101,Carbon monoxide,54,17460,"Cleveland-Elyria, OH",39,Ohio,35,Cuyahoga,41.504605,-81.69045
05/03/2026,AQS,390350051,1,0.5,ppm,6,Galleria,24,100.0000,42101,Carbon monoxide,54,17460,"Cleveland-Elyria, OH",39,Ohio,35,Cuyahoga,41.504605,-81.69045
05/04/2026,AQS,390350051,1,0.5,ppm,6,Galleria,24,100.0000,42101,Carbon monoxide,54,17460,"Cleveland-Elyria, OH",39,Ohio,35,Cuyahoga,41.504605,-81.69045
05/05/2026,AQS,390350051,1,0.5,ppm,6,Galleria,24,100.0000,42101,Carbon monoxide,54,17460,"Cleveland-Elyria, OH",39,Ohio,35,Cuyahoga,41.504605,-81.69045
05/06/2026,AQS,390350051,1,0.5,ppm,6,Galleria,24,100.0000,42101,Carbon monoxide,54,17460,"Cleveland-Elyria, OH",39,Ohio,35,Cuyahoga,41.504605,-81.69045
05/07/2026,AQS,390350051,1,0.6,ppm,7,Galleria,24,100.0000,42101,Carbon monoxide,54,17460,"Cleveland-Elyria, OH",39,Ohio,35,Cuyahoga,41.504605,-81.69045
05/08/2026,AQS,390350051,1,0.5,ppm,6,Galleria,24,100.0000,42101,Carbon monoxide,54,17460,"Cleveland-Elyria, OH",39,Ohio,35,Cuyahoga,41.504605,-81.69045
05/09/2026,AQS,390350051,1,0.5,ppm,6,Galleria,24,100.0000,42101,Carbon monoxide,54,17460,"Cleveland-Elyria, OH",39,Ohio,35,Cuyahoga,41.504605,-81.69045
05/10/2026,AQS,390350051,1,0.5,ppm,6,Galleria,24,100.0000,42101,Carbon monoxide,54,17460,"Cleveland-Elyria, OH",39,Ohio,35,Cuyahoga,41.504605,-81.69045
05/11/2026,AQS,390350051,1,0.6,ppm,7,Galleria,24,100.0000,42101,Carbon monoxide,54,17460,"Cleveland-Elyria, OH",39,Ohio,35,Cuyahoga,41.504605,-81.69045
05/12/2026,AQS,390350051,1,0.6,ppm,7,Galleria,24,100.0000,42101,Carbon monoxide,54,17460,"Cleveland-Elyria, OH",39,Ohio,35,Cuyahoga,41.504605,-81.69045
05/13/2026,AQS,390350051,1,0.6,ppm,7,Galleria,24,100.0000,42101,Carbon monoxide,54,17460,"Cleveland-Elyria, OH",39,Ohio,35,Cuyahoga,41.504605,-81.69045
05/14/2026,AQS,390350051,1,0.5,ppm,6,Galleria,24,100.0000,42101,Carbon monoxide,54,17460,"Cleveland-Elyria, OH",39,Ohio,35,Cuyahoga,41.504605,-81.69045
05/15/2026,AQS,390350051,1,0.7,ppm,8,Galleria,24,100.0000,42101,Carbon monoxide,54,17460,"Cleveland-Elyria, OH",39,Ohio,35,Cuyahoga,41.504605,-81.69045
05/16/2026,AQS,390350051,1,0.8,ppm,9,Galleria,24,100.0000,42101,Carbon monoxide,54,17460,"Cleveland-Elyria, OH",39,Ohio,35,Cuyahoga,41.504605,-81.69045
05/17/2026,AQS,390350051,1,0.7,ppm,8,Galleria,24,100.0000,42101,Carbon monoxide,54,17460,"Cleveland-Elyria, OH",39,Ohio,35,Cuyahoga,41.504605,-81.69045
05/18/2026,AQS,390350051,1,0.7,ppm,8,Galleria,24,100.0000,42101,Carbon monoxide,54,17460,"Cleveland-Elyria, OH",39,Ohio,35,Cuyahoga,41.504605,-81.69045
05/19/2026,AQS,390350051,1,0.6,ppm,7,Galleria,24,100.0000,42101,Carbon monoxide,54,17460,"Cleveland-Elyria, OH",39,Ohio,35,Cuyahoga,41.504605,-81.69045
05/20/2026,AQS,390350051,1,0.5,ppm,6,Galleria,24,100.0000,42101,Carbon monoxide,54,17460,"Cleveland-Elyria, OH",39,Ohio,35,Cuyahoga,41.504605,-81.69045
05/21/2026,AQS,390350051,1,0.5,ppm,6,Galleria,24,100.0000,42101,Carbon monoxide,54,17460,"Cleveland-Elyria, OH",39,Ohio,35,Cuyahoga,41.504605,-81.69045
05/22/2026,AQS,390350051,1,0.6,ppm,7,Galleria,24,100.0000,42101,Carbon monoxide,54,17460,"Cleveland-Elyria, OH",39,Ohio,35,Cuyahoga,41.504605,-81.69045
05/23/2026,AQS,390350051,1,0.6,ppm,7,Galleria,24,100.0000,42101,Carbon monoxide,54,17460,"Cleveland-Elyria, OH",39,Ohio,35,Cuyahoga,41.504605,-81.69045
05/24/2026,AQS,390350051,1,0.7,ppm,8,Galleria,24,100.0000,42101,Carbon monoxide,54,17460,"Cleveland-Elyria, OH",39,Ohio,35,Cuyahoga,41.504605,-81.69045
05/25/2026,AQS,390350051,1,0.6,ppm,7,Galleria,24,100.0000,42101,Carbon monoxide,54,17460,"Cleveland-Elyria, OH",39,Ohio,35,Cuyahoga,41.504605,-81.69045
05/26/2026,AQS,390350051,1,1.1,ppm,13,Galleria,24,100.0000,42101,Carbon monoxide,54,17460,"Cleveland-Elyria, OH",39,Ohio,35,Cuyahoga,41.504605,-81.69045
05/27/2026,AQS,390350051,1,1.1,ppm,13,Galleria,24,100.0000,42101,Carbon monoxide,54,17460,"Cleveland-Elyria, OH",39,Ohio,35,Cuyahoga,41.504605,-81.69045
05/28/2026,AQS,390350051,1,0.5,ppm,6,Galleria,24,100.0000,42101,Carbon monoxide,54,17460,"Cleveland-Elyria, OH",39,Ohio,35,Cuyahoga,41.504605,-81.69045
05/29/2026,AQS,390350051,1,0.5,ppm,6,Galleria,24,100.0000,42101,Carbon monoxide,54,17460,"Cleveland-Elyria, OH",39,Ohio,35,Cuyahoga,41.504605,-81.69045
05/30/2026,AQS,390350051,1,0.5,ppm,6,Galleria,24,100.0000,42101,Carbon monoxide,54,17460,"Cleveland-Elyria, OH",39,Ohio,35,Cuyahoga,41.504605,-81.69045
05/31/2026,AQS,390350051,1,0.5,ppm,6,Galleria,24,100.0000,42101,Carbon monoxide,54,17460,"Cleveland-Elyria, OH",39,Ohio,35,Cuyahoga,41.504605,-81.69045
06/01/2026,AQS,390350051,1,0.7,ppm,8,Galleria,16,67.0000,42101,Carbon monoxide,54,17460,"Cleveland-Elyria, OH",39,Ohio,35,Cuyahoga,41.504605,-81.69045
06/02/2026,AQS,390350051,1,0.3,ppm,3,Galleria,24,100.0000,42101,Carbon monoxide,54,17460,"Cleveland-Elyria, OH",39,Ohio,35,Cuyahoga,41.504605,-81.69045
06/03/2026,AQS,390350051,1,0.5,ppm,6,Galleria,24,100.0000,42101,Carbon monoxide,54,17460,"Cleveland-Elyria, OH",39,Ohio,35,Cuyahoga,41.504605,-81.69045
06/04/2026,AQS,390350051,1,1.1,ppm,13,Galleria,24,100.0000,42101,Carbon monoxide,54,17460,"Cleveland-Elyria, OH",39,Ohio,35,Cuyahoga,41.504605,-81.69045
06/05/2026,AQS,390350051,1,0.5,ppm,6,Galleria,24,100.0000,42101,Carbon monoxide,54,17460,"Cleveland-Elyria, OH",39,Ohio,35,Cuyahoga,41.504605,-81.69045
06/06/2026,AQS,390350051,1,0.5,ppm,6,Galleria,24,100.0000,42101,Carbon monoxide,54,17460,"Cleveland-Elyria, OH",39,Ohio,35,Cuyahoga,41.504605,-81.69045
06/07/2026,AQS,390350051,1,0.5,ppm,6,Galleria,24,100.0000,42101,Carbon monoxide,54,17460,"Cleveland-Elyria, OH",39,Ohio,35,Cuyahoga,41.504605,-81.69045
06/08/2026,AQS,390350051,1,0.6,ppm,7,Galleria,24,100.0000,42101,Carbon monoxide,54,17460,"Cleveland-Elyria, OH",39,Ohio,35,Cuyahoga,41.504605,-81.69045
06/09/2026,AQS,390350051,1,0.7,ppm,8,Galleria,24,100.0000,42101,Carbon monoxide,54,17460,"Cleveland-Elyria, OH",39,Ohio,35,Cuyahoga,41.504605,-81.69045
06/10/2026,AQS,390350051,1,0.5,ppm,6,Galleria,24,100.0000,42101,Carbon monoxide,54,17460,"Cleveland-Elyria, OH",39,Ohio,35,Cuyahoga,41.504605,-81.69045
06/11/2026,AQS,390350051,1,0.6,ppm,7,Galleria,24,100.0000,42101,Carbon monoxide,54,17460,"Cleveland-Elyria, OH",39,Ohio,35,Cuyahoga,41.504605,-81.69045
06/12/2026,AQS,390350051,1,0.5,ppm,6,Galleria,24,100.0000,42101,Carbon monoxide,54,17460,"Cleveland-Elyria, OH",39,Ohio,35,Cuyahoga,41.504605,-81.69045
06/13/2026,AQS,390350051,1,0.4,ppm,5,Galleria,24,100.0000,42101,Carbon monoxide,54,17460,"Cleveland-Elyria, OH",39,Ohio,35,Cuyahoga,41.504605,-81.69045
06/14/2026,AQS,390350051,1,0.4,ppm,5,Galleria,24,100.0000,42101,Carbon monoxide,54,17460,"Cleveland-Elyria, OH",39,Ohio,35,Cuyahoga,41.504605,-81.69045
06/15/2026,AQS,390350051,1,0.1,ppm,1,Galleria,24,100.0000,42101,Carbon monoxide,54,17460,"Cleveland-Elyria, OH",39,Ohio,35,Cuyahoga,41.504605,-81.69045
06/16/2026,AQS,390350051,1,0.3,ppm,3,Galleria,24,100.0000,42101,Carbon monoxide,54,17460,"Cleveland-Elyria, OH",39,Ohio,35,Cuyahoga,41.504605,-81.69045
06/17/2026,AQS,390350051,1,0.3,ppm,3,Galleria,24,100.0000,42101,Carbon monoxide,54,17460,"Cleveland-Elyria, OH",39,Ohio,35,Cuyahoga,41.504605,-81.69045
06/18/2026,AQS,390350051,1,0.3,ppm,3,Galleria,24,100.0000,42101,Carbon monoxide,54,17460,"Cleveland-Elyria, OH",39,Ohio,35,Cuyahoga,41.504605,-81.69045
06/19/2026,AQS,390350051,1,0.2,ppm,2,Galleria,24,100.0000,42101,Carbon monoxide,54,17460,"Cleveland-Elyria, OH",39,Ohio,35,Cuyahoga,41.504605,-81.69045
06/20/2026,AQS,390350051,1,0.3,ppm,3,Galleria,24,100.0000,42101,Carbon monoxide,54,17460,"Cleveland-Elyria, OH",39,Ohio,35,Cuyahoga,41.504605,-81.69045
06/21/2026,AQS,390350051,1,0.4,ppm,5,Galleria,24,100.0000,42101,Carbon monoxide,54,17460,"Cleveland-Elyria, OH",39,Ohio,35,Cuyahoga,41.504605,-81.69045
06/22/2026,AQS,390350051,1,0.3,ppm,3,Galleria,24,100.0000,42101,Carbon monoxide,54,17460,"Cleveland-Elyria, OH",39,Ohio,35,Cuyahoga,41.504605,-81.69045
06/23/2026,AQS,390350051,1,0.3,ppm,3,Galleria,24,100.0000,42101,Carbon monoxide,54,17460,"Cleveland-Elyria, OH",39,Ohio,35,Cuyahoga,41.504605,-81.69045
06/24/2026,AQS,390350051,1,0.3,ppm,3,Galleria,24,100.0000,42101,Carbon monoxide,54,17460,"Cleveland-Elyria, OH",39,Ohio,35,Cuyahoga,41.504605,-81.69045
06/25/2026,AQS,390350051,1,0.5,ppm,6,Galleria,24,100.0000,42101,Carbon monoxide,54,17460,"Cleveland-Elyria, OH",39,Ohio,35,Cuyahoga,41.504605,-81.69045
06/26/2026,AQS,390350051,1,0.4,ppm,5,Galleria,24,100.0000,42101,Carbon monoxide,54,17460,"Cleveland-Elyria, OH",39,Ohio,35,Cuyahoga,41.504605,-81.69045
06/27/2026,AQS,390350051,1,0.5,ppm,6,Galleria,24,100.0000,42101,Carbon monoxide,54,17460,"Cleveland-Elyria, OH",39,Ohio,35,Cuyahoga,41.504605,-81.69045
06/28/2026,AQS,390350051,1,0.5,ppm,6,Galleria,24,100.0000,42101,Carbon monoxide,54,17460,"Cleveland-Elyria, OH",39,Ohio,35,Cuyahoga,41.504605,-81.69045
06/29/2026,AQS,390350051,1,0.8,ppm,9,Galleria,24,100.0000,42101,Carbon monoxide,54,17460,"Cleveland-Elyria, OH",39,Ohio,35,Cuyahoga,41.504605,-81.69045
06/30/2026,AQS,390350051,1,0.6,ppm,7,Galleria,24,100.0000,42101,Carbon monoxide,54,17460,"Cleveland-Elyria, OH",39,Ohio,35,Cuyahoga,41.504605,-81.69045
07/01/2026,AQS,390350051,1,0.5,ppm,6,Galleria,24,100.0000,42101,Carbon monoxide,54,17460,"Cleveland-Elyria, OH",39,Ohio,35,Cuyahoga,41.504605,-81.69045
07/02/2026,AQS,390350051,1,0.5,ppm,6,Galleria,24,100.0000,42101,Carbon monoxide,54,17460,"Cleveland-Elyria, OH",39,Ohio,35,Cuyahoga,41.504605,-81.69045
07/03/2026,AQS,390350051,1,0.4,ppm,5,Galleria,24,100.0000,42101,Carbon monoxide,54,17460,"Cleveland-Elyria, OH",39,Ohio,35,Cuyahoga,41.504605,-81.69045
07/04/2026,AQS,390350051,1,0.4,ppm,5,Galleria,24,100.0000,42101,Carbon monoxide,54,17460,"Cleveland-Elyria, OH",39,Ohio,35,Cuyahoga,41.504605,-81.69045
07/05/2026,AQS,390350051,1,0.6,ppm,7,Galleria,24,100.0000,42101,Carbon monoxide,54,17460,"Cleveland-Elyria, OH",39,Ohio,35,Cuyahoga,41.504605,-81.69045
07/06/2026,AQS,390350051,1,0.4,ppm,5,Galleria,24,100.0000,42101,Carbon monoxide,54,17460,"Cleveland-Elyria, OH",39,Ohio,35,Cuyahoga,41.504605,-81.69045
07/07/2026,AQS,390350051,1,0.4,ppm,5,Galleria,24,100.0000,42101,Carbon monoxide,54,17460,"Cleveland-Elyria, OH",39,Ohio,35,Cuyahoga,41.504605,-81.69045
07/08/2026,AQS,390350051,1,0.5,ppm,6,Galleria,24,100.0000,42101,Carbon monoxide,54,17460,"Cleveland-Elyria, OH",39,Ohio,35,Cuyahoga,41.504605,-81.69045
07/09/2026,AQS,390350051,1,0.8,ppm,9,Galleria,24,100.0000,42101,Carbon monoxide,54,17460,"Cleveland-Elyria, OH",39,Ohio,35,Cuyahoga,41.504605,-81.69045
07/10/2026,AQS,390350051,1,0.5,ppm,6,Galleria,24,100.0000,42101,Carbon monoxide,54,17460,"Cleveland-Elyria, OH",39,Ohio,35,Cuyahoga,41.504605,-81.69045
07/11/2026,AQS,390350051,1,0.4,ppm,5,Galleria,24,100.0000,42101,Carbon monoxide,54,17460,"Cleveland-Elyria, OH",39,Ohio,35,Cuyahoga,41.504605,-81.69045
07/12/2026,AQS,390350051,1,0.4,ppm,5,Galleria,24,100.0000,42101,Carbon monoxide,54,17460,"Cleveland-Elyria, OH",39,Ohio,35,Cuyahoga,41.504605,-81.69045
07/13/2026,AQS,390350051,1,0.7,ppm,8,Galleria,24,100.0000,42101,Carbon monoxide,54,17460,"Cleveland-Elyria, OH",39,Ohio,35,Cuyahoga,41.504605,-81.69045
07/14/2026,AQS,390350051,1,0.7,ppm,8,Galleria,24,100.0000,42101,Carbon monoxide,54,17460,"Cleveland-Elyria, OH",39,Ohio,35,Cuyahoga,41.504605,-81.69045
07/15/2026,AQS,390350051,1,0.5,ppm,6,Galleria,24,100.0000,42101,Carbon monoxide,54,17460,"Cleveland-Elyria, OH",39,Ohio,35,Cuyahoga,41.504605,-81.69045
07/16/2026,AQS,390350051,1,2.6,ppm,30,Galleria,24,100.0000,42101,Carbon monoxide,54,17460,"Cleveland-Elyria, OH",39,Ohio,35,Cuyahoga,41.504605,-81.69045
07/17/2026,AQS,390350051,1,2.3,ppm,26,Galleria,24,100.0000,42101,Carbon monoxide,54,17460,"Cleveland-Elyria, OH",39,Ohio,35,Cuyahoga,41.504605,-81.69045
07/18/2026,AQS,390350051,1,1.7,ppm,19,Galleria,24,100.0000,42101,Carbon monoxide,54,17460,"Cleveland-Elyria, OH",39,Ohio,35,Cuyahoga,41.504605,-81.69045
07/19/2026,AQS,390350051,1,1.4,ppm,16,Galleria,24,100.0000,42101,Carbon monoxide,54,17460,"Cleveland-Elyria, OH",39,Ohio,35,Cuyahoga,41.504605,-81.69045
07/20/2026,AQS,390350051,1,0.9,ppm,10,Galleria,18,75.0000,42101,Carbon monoxide,54,17460,"Cleveland-Elyria, OH",39,Ohio,35,Cuyahoga,41.504605,-81.69045
07/21/2026,AQS,390350051,1,0.8,ppm,9,Galleria,24,100.0000,42101,Carbon monoxide,54,17460,"Cleveland-Elyria, OH",39,Ohio,35,Cuyahoga,41.504605,-81.69045
07/22/2026,AQS,390350051,1,0.5,ppm,6,Galleria,24,100.0000,42101,Carbon monoxide,54,17460,"Cleveland-Elyria, OH",39,Ohio,35,Cuyahoga,41.504605,-81.69045
07/23/2026,AQS,390350051,1,0.4,ppm,5,Galleria,24,100.0000,42101,Carbon monoxide,54,17460,"Cleveland-Elyria, OH",39,Ohio,35,Cuyahoga,41.504605,-81.69045
07/24/2026,AQS,390350051,1,0.5,ppm,6,Galleria,24,100.0000,42101,Carbon monoxide,54,17460,"Cleveland-Elyria, OH",39,Ohio,35,Cuyahoga,41.504605,-81.69045
07/25/2026,AQS,390350051,1,0.6,ppm,7,Galleria,24,100.0000,42101,Carbon monoxide,54,17460,"Cleveland-Elyria, OH",39,Ohio,35,Cuyahoga,41.504605,-81.69045
07/26/2026,AQS,390350051,1,0.9,ppm,10,Galleria,24,100.0000,42101,Carbon monoxide,54,17460,"Cleveland-Elyria, OH",39,Ohio,35,Cuyahoga,41.504605,-81.69045
07/27/2026,AQS,390350051,1,0.7,ppm,8,Galleria,24,100.0000,42101,Carbon monoxide,54,17460,"Cleveland-Elyria, OH",39,Ohio,35,Cuyahoga,41.504605,-81.69045
07/28/2026,AQS,390350051,1,0.6,ppm,7,Galleria,24,100.0000,42101,Carbon monoxide,54,17460,"Cleveland-Elyria, OH",39,Ohio,35,Cuyahoga,41.504605,-81.69045
07/29/2026,AQS,390350051,1,0.5,ppm,6,Galleria,24,100.0000,42101,Carbon monoxide,54,17460,"Cleveland-Elyria, OH",39,Ohio,35,Cuyahoga,41.504605,-81.69045
07/30/2026,AQS,390350051,1,0.5,ppm,6,Galleria,24,100.0000,42101,Carbon monoxide,54,17460,"Cleveland-Elyria, OH",39,Ohio,35,Cuyahoga,41.504605,-81.69045
07/31/2026,AQS,390350051,1,0.8,ppm,9,Galleria,24,100.0000,42101,Carbon monoxide,54,17460,"Cleveland-Elyria, OH",39,Ohio,35,Cuyahoga,41.504605,-81.69045
08/01/2026,AQS,390350051,1,0.8,ppm,9,Galleria,2,8.0000,42101,Carbon monoxide,54,17460,"Cleveland-Elyria, OH",39,Ohio,35,Cuyahoga,41.504605,-81.69045
01/01/2026,AQS,390350060,1,0.1,ppm,1,GT Craig NCore PAMS,16,67.0000,42101,Carbon monoxide,554,17460,"Cleveland-Elyria, OH",39,Ohio,35,Cuyahoga,41.492117,-81.678449
01/02/2026,AQS,390350060,1,0.2,ppm,2,GT Craig NCore PAMS,24,100.0000,42101,Carbon monoxide,554,17460,"Cleveland-Elyria, OH",39,Ohio,35,Cuyahoga,41.492117,-81.678449
01/03/2026,AQS,390350060,1,0.2,ppm,2,GT Craig NCore PAMS,24,100.0000,42101,Carbon monoxide,554,17460,"Cleveland-Elyria, OH",39,Ohio,35,Cuyahoga,41.492117,-81.678449
01/04/2026,AQS,390350060,1,0.2,ppm,2,GT Craig NCore PAMS,24,100.0000,42101,Carbon monoxide,554,17460,"Cleveland-Elyria, OH",39,Ohio,35,Cuyahoga,41.492117,-81.678449
01/05/2026,AQS,390350060,1,0.4,ppm,5,GT Craig NCore PAMS,24,100.0000,42101,Carbon monoxide,554,17460,"Cleveland-Elyria, OH",39,Ohio,35,Cuyahoga,41.492117,-81.678449
01/06/2026,AQS,390350060,1,0.5,ppm,6,GT Craig NCore PAMS,24,100.0000,42101,Carbon monoxide,554,17460,"Cleveland-Elyria, OH",39,Ohio,35,Cuyahoga,41.492117,-81.678449
01/07/2026,AQS,390350060,1,0.3,ppm,3,GT Craig NCore PAMS,24,100.0000,42101,Carbon monoxide,554,17460,"Cleveland-Elyria, OH",39,Ohio,35,Cuyahoga,41.492117,-81.678449
01/08/2026,AQS,390350060,1,0.3,ppm,3,GT Craig NCore PAMS,24,100.0000,42101,Carbon monoxide,554,17460,"Cleveland-Elyria, OH",39,Ohio,35,Cuyahoga,41.492117,-81.678449
01/09/2026,AQS,390350060,1,0.3,ppm,3,GT Craig NCore PAMS,24,100.0000,42101,Carbon monoxide,554,17460,"Cleveland-Elyria, OH",39,Ohio,35,Cuyahoga,41.492117,-81.678449
01/10/2026,AQS,390350060,1,0.4,ppm,5,GT Craig NCore PAMS,24,100.0000,42101,Carbon monoxide,554,17460,"Cleveland-Elyria, OH",39,Ohio,35,Cuyahoga,41.492117,-81.678449
01/11/2026,AQS,390350060,1,0.2,ppm,2,GT Craig NCore PAMS,24,100.0000,42101,Carbon monoxide,554,17460,"Cleveland-Elyria, OH",39,Ohio,35,Cuyahoga,41.492117,-81.678449
01/12/2026,AQS,390350060,1,0.2,ppm,2,GT Craig NCore PAMS,24,100.0000,42101,Carbon monoxide,554,17460,"Cleveland-Elyria, OH",39,Ohio,35,Cuyahoga,41.492117,-81.678449
01/13/2026,AQS,390350060,1,0.6,ppm,7,GT Craig NCore PAMS,24,100.0000,42101,Carbon monoxide,554,17460,"Cleveland-Elyria, OH",39,Ohio,35,Cuyahoga,41.492117,-81.678449
01/14/2026,AQS,390350060,1,0.2,ppm,2,GT Craig NCore PAMS,24,100.0000,42101,Carbon monoxide,554,17460,"Cleveland-Elyria, OH",39,Ohio,35,Cuyahoga,41.492117,-81.678449
01/15/2026,AQS,390350060,1,0.2,ppm,2,GT Craig NCore PAMS,24,100.0000,42101,Carbon monoxide,554,17460,"Cleveland-Elyria, OH",39,Ohio,35,Cuyahoga,41.492117,-81.678449
01/16/2026,AQS,390350060,1,0.5,ppm,6,GT Craig NCore PAMS,24,100.0000,42101,Carbon monoxide,554,17460,"Cleveland-Elyria, OH",39,Ohio,35,Cuyahoga,41.492117,-81.678449
01/17/2026,AQS,390350060,1,0.2,ppm,2,GT Craig NCore PAMS,24,100.0000,42101,Carbon monoxide,554,17460,"Cleveland-Elyria, OH",39,Ohio,35,Cuyahoga,41.492117,-81.678449
01/18/2026,AQS,390350060,1,0.2,ppm,2,GT Craig NCore PAMS,24,100.0000,42101,Carbon monoxide,554,17460,"Cleveland-Elyria, OH",39,Ohio,35,Cuyahoga,41.492117,-81.678449
01/19/2026,AQS,390350060,1,0.3,ppm,3,GT Craig NCore PAMS,24,100.0000,42101,Carbon monoxide,554,17460,"Cleveland-Elyria, OH",39,Ohio,35,Cuyahoga,41.492117,-81.678449
01/20/2026,AQS,390350060,1,0.2,ppm,2,GT Craig NCore PAMS,24,100.0000,42101,Carbon monoxide,554,17460,"Cleveland-Elyria, OH",39,Ohio,35,Cuyahoga,41.492117,-81.678449
01/21/2026,AQS,390350060,1,0.3,ppm,3,GT Craig NCore PAMS,24,100.0000,42101,Carbon monoxide,554,17460,"Cleveland-Elyria, OH",39,Ohio,35,Cuyahoga,41.492117,-81.678449
01/22/2026,AQS,390350060,1,0.2,ppm,2,GT Craig NCore PAMS,24,100.0000,42101,Carbon monoxide,554,17460,"Cleveland-Elyria, OH",39,Ohio,35,Cuyahoga,41.492117,-81.678449
01/23/2026,AQS,390350060,1,0.2,ppm,2,GT Craig NCore PAMS,24,100.0000,42101,Carbon monoxide,554,17460,"Cleveland-Elyria, OH",39,Ohio,35,Cuyahoga,41.492117,-81.678449
01/24/2026,AQS,390350060,1,0.3,ppm,3,GT Craig NCore PAMS,24,100.0000,42101,Carbon monoxide,554,17460,"Cleveland-Elyria, OH",39,Ohio,35,Cuyahoga,41.492117,-81.678449
01/25/2026,AQS,390350060,1,0.2,ppm,2,GT Craig NCore PAMS,24,100.0000,42101,Carbon monoxide,554,17460,"Cleveland-Elyria, OH",39,Ohio,35,Cuyahoga,41.492117,-81.678449
01/26/2026,AQS,390350060,1,0.2,ppm,2,GT Craig NCore PAMS,24,100.0000,42101,Carbon monoxide,554,17460,"Cleveland-Elyria, OH",39,Ohio,35,Cuyahoga,41.492117,-81.678449
01/27/2026,AQS,390350060,1,0.2,ppm,2,GT Craig NCore PAMS,24,100.0000,42101,Carbon monoxide,554,17460,"Cleveland-Elyria, OH",39,Ohio,35,Cuyahoga,41.492117,-81.678449
01/28/2026,AQS,390350060,1,0.3,ppm,3,GT Craig NCore PAMS,24,100.0000,42101,Carbon monoxide,554,17460,"Cleveland-Elyria, OH",39,Ohio,35,Cuyahoga,41.492117,-81.678449
01/29/2026,AQS,390350060,1,0.2,ppm,2,GT Craig NCore PAMS,24,100.0000,42101,Carbon monoxide,554,17460,"Cleveland-Elyria, OH",39,Ohio,35,Cuyahoga,41.492117,-81.678449
01/30/2026,AQS,390350060,1,0.7,ppm,8,GT Craig NCore PAMS,24,100.0000,42101,Carbon monoxide,554,17460,"Cleveland-Elyria, OH",39,Ohio,35,Cuyahoga,41.492117,-81.678449
01/31/2026,AQS,390350060,1,0.4,ppm,5,GT Craig NCore PAMS,24,100.0000,42101,Carbon monoxide,554,17460,"Cleveland-Elyria, OH",39,Ohio,35,Cuyahoga,41.492117,-81.678449
02/01/2026,AQS,390350060,1,0.3,ppm,3,GT Craig NCore PAMS,24,100.0000,42101,Carbon monoxide,554,17460,"Cleveland-Elyria, OH",39,Ohio,35,Cuyahoga,41.492117,-81.678449
02/02/2026,AQS,390350060,1,0.5,ppm,6,GT Craig NCore PAMS,24,100.0000,42101,Carbon monoxide,554,17460,"Cleveland-Elyria, OH",39,Ohio,35,Cuyahoga,41.492117,-81.678449
02/03/2026,AQS,390350060,1,0.3,ppm,3,GT Craig NCore PAMS,24,100.0000,42101,Carbon monoxide,554,17460,"Cleveland-Elyria, OH",39,Ohio,35,Cuyahoga,41.492117,-81.678449
02/04/2026,AQS,390350060,1,0.3,ppm,3,GT Craig NCore PAMS,24,100.0000,42101,Carbon monoxide,554,17460,"Cleveland-Elyria, OH",39,Ohio,35,Cuyahoga,41.492117,-81.678449
02/05/2026,AQS,390350060,1,0.8,ppm,9,GT Craig NCore PAMS,24,100.0000,42101,Carbon monoxide,554,17460,"Cleveland-Elyria, OH",39,Ohio,35,Cuyahoga,41.492117,-81.678449
02/06/2026,AQS,390350060,1,0.3,ppm,3,GT Craig NCore PAMS,17,71.0000,42101,Carbon monoxide,554,17460,"Cleveland-Elyria, OH",39,Ohio,35,Cuyahoga,41.492117,-81.678449
02/07/2026,AQS,390350060,1,0.3,ppm,3,GT Craig NCore PAMS,24,100.0000,42101,Carbon monoxide,554,17460,"Cleveland-Elyria, OH",39,Ohio,35,Cuyahoga,41.492117,-81.678449
02/08/2026,AQS,390350060,1,0.7,ppm,8,GT Craig NCore PAMS,24,100.0000,42101,Carbon monoxide,554,17460,"Cleveland-Elyria, OH",39,Ohio,35,Cuyahoga,41.492117,-81.678449
02/09/2026,AQS,390350060,1,0.5,ppm,6,GT Craig NCore PAMS,24,100.0000,42101,Carbon monoxide,554,17460,"Cleveland-Elyria, OH",39,Ohio,35,Cuyahoga,41.492117,-81.678449
02/10/2026,AQS,390350060,1,0.5,ppm,6,GT Craig NCore PAMS,24,100.0000,42101,Carbon monoxide,554,17460,"Cleveland-Elyria, OH",39,Ohio,35,Cuyahoga,41.492117,-81.678449
02/11/2026,AQS,390350060,1,0.3,ppm,3,GT Craig NCore PAMS,24,100.0000,42101,Carbon monoxide,554,17460,"Cleveland-Elyria, OH",39,Ohio,35,Cuyahoga,41.492117,-81.678449
02/12/2026,AQS,390350060,1,0.2,ppm,2,GT Craig NCore PAMS,24,100.0000,42101,Carbon monoxide,554,17460,"Cleveland-Elyria, OH",39,Ohio,35,Cuyahoga,41.492117,-81.678449
02/13/2026,AQS,390350060,1,0.8,ppm,9,GT Craig NCore PAMS,24,100.0000,42101,Carbon monoxide,554,17460,"Cleveland-Elyria, OH",39,Ohio,35,Cuyahoga,41.492117,-81.678449
02/14/2026,AQS,390350060,1,0.5,ppm,6,GT Craig NCore PAMS,24,100.0000,42101,Carbon monoxide,554,17460,"Cleveland-Elyria, OH",39,Ohio,35,Cuyahoga,41.492117,-81.678449
02/15/2026,AQS,390350060,1,0.7,ppm,8,GT Craig NCore PAMS,24,100.0000,42101,Carbon monoxide,554,17460,"Cleveland-Elyria, OH",39,Ohio,35,Cuyahoga,41.492117,-81.678449
02/16/2026,AQS,390350060,1,0.7,ppm,8,GT Craig NCore PAMS,24,100.0000,42101,Carbon monoxide,554,17460,"Cleveland-Elyria, OH",39,Ohio,35,Cuyahoga,41.492117,-81.678449
02/17/2026,AQS,390350060,1,0.7,ppm,8,GT Craig NCore PAMS,24,100.0000,42101,Carbon monoxide,554,17460,"Cleveland-Elyria, OH",39,Ohio,35,Cuyahoga,41.492117,-81.678449
02/18/2026,AQS,390350060,1,0.7,ppm,8,GT Craig NCore PAMS,24,100.0000,42101,Carbon monoxide,554,17460,"Cleveland-Elyria, OH",39,Ohio,35,Cuyahoga,41.492117,-81.678449
02/19/2026,AQS,390350060,1,0.6,ppm,7,GT Craig NCore PAMS,24,100.0000,42101,Carbon monoxide,554,17460,"Cleveland-Elyria, OH",39,Ohio,35,Cuyahoga,41.492117,-81.678449
02/20/2026,AQS,390350060,1,0.4,ppm,5,GT Craig NCore PAMS,24,100.0000,42101,Carbon monoxide,554,17460,"Cleveland-Elyria, OH",39,Ohio,35,Cuyahoga,41.492117,-81.678449
02/21/2026,AQS,390350060,1,0.2,ppm,2,GT Craig NCore PAMS,24,100.0000,42101,Carbon monoxide,554,17460,"Cleveland-Elyria, OH",39,Ohio,35,Cuyahoga,41.492117,-81.678449
02/22/2026,AQS,390350060,1,0.2,ppm,2,GT Craig NCore PAMS,24,100.0000,42101,Carbon monoxide,554,17460,"Cleveland-Elyria, OH",39,Ohio,35,Cuyahoga,41.492117,-81.678449
02/23/2026,AQS,390350060,1,0.2,ppm,2,GT Craig NCore PAMS,24,100.0000,42101,Carbon monoxide,554,17460,"Cleveland-Elyria, OH",39,Ohio,35,Cuyahoga,41.492117,-81.678449
02/24/2026,AQS,390350060,1,0.5,ppm,6,GT Craig NCore PAMS,24,100.0000,42101,Carbon monoxide,554,17460,"Cleveland-Elyria, OH",39,Ohio,35,Cuyahoga,41.492117,-81.678449
02/25/2026,AQS,390350060,1,0.5,ppm,6,GT Craig NCore PAMS,24,100.0000,42101,Carbon monoxide,554,17460,"Cleveland-Elyria, OH",39,Ohio,35,Cuyahoga,41.492117,-81.678449
02/26/2026,AQS,390350060,1,0.4,ppm,5,GT Craig NCore PAMS,24,100.0000,42101,Carbon monoxide,554,17460,"Cleveland-Elyria, OH",39,Ohio,35,Cuyahoga,41.492117,-81.678449
02/27/2026,AQS,390350060,1,0.6,ppm,7,GT Craig NCore PAMS,24,100.0000,42101,Carbon monoxide,554,17460,"Cleveland-Elyria, OH",39,Ohio,35,Cuyahoga,41.492117,-81.678449
02/28/2026,AQS,390350060,1,0.2,ppm,2,GT Craig NCore PAMS,24,100.0000,42101,Carbon monoxide,554,17460,"Cleveland-Elyria, OH",39,Ohio,35,Cuyahoga,41.492117,-81.678449
03/01/2026,AQS,390350060,1,0.2,ppm,2,GT Craig NCore PAMS,24,100.0000,42101,Carbon monoxide,554,17460,"Cleveland-Elyria, OH",39,Ohio,35,Cuyahoga,41.492117,-81.678449
03/02/2026,AQS,390350060,1,0.4,ppm,5,GT Craig NCore PAMS,24,100.0000,42101,Carbon monoxide,554,17460,"Cleveland-Elyria, OH",39,Ohio,35,Cuyahoga,41.492117,-81.678449
03/03/2026,AQS,390350060,1,0.5,ppm,6,GT Craig NCore PAMS,24,100.0000,42101,Carbon monoxide,554,17460,"Cleveland-Elyria, OH",39,Ohio,35,Cuyahoga,41.492117,-81.678449
03/04/2026,AQS,390350060,1,0.5,ppm,6,GT Craig NCore PAMS,24,100.0000,42101,Carbon monoxide,554,17460,"Cleveland-Elyria, OH",39,Ohio,35,Cuyahoga,41.492117,-81.678449
03/05/2026,AQS,390350060,1,0.8,ppm,9,GT Craig NCore PAMS,24,100.0000,42101,Carbon monoxide,554,17460,"Cleveland-Elyria, OH",39,Ohio,35,Cuyahoga,41.492117,-81.678449
03/06/2026,AQS,390350060,1,0.5,ppm,6,GT Craig NCore PAMS,24,100.0000,42101,Carbon monoxide,554,17460,"Cleveland-Elyria, OH",39,Ohio,35,Cuyahoga,41.492117,-81.678449
03/07/2026,AQS,390350060,1,0.3,ppm,3,GT Craig NCore PAMS,24,100.0000,42101,Carbon monoxide,554,17460,"Cleveland-Elyria, OH",39,Ohio,35,Cuyahoga,41.492117,-81.678449
03/08/2026,AQS,390350060,1,0.2,ppm,2,GT Craig NCore PAMS,24,100.0000,42101,Carbon monoxide,554,17460,"Cleveland-Elyria, OH",39,Ohio,35,Cuyahoga,41.492117,-81.678449
03/09/2026,AQS,390350060,1,0.2,ppm,2,GT Craig NCore PAMS,24,100.0000,42101,Carbon monoxide,554,17460,"Cleveland-Elyria, OH",39,Ohio,35,Cuyahoga,41.492117,-81.678449
03/10/2026,AQS,390350060,1,0.3,ppm,3,GT Craig NCore PAMS,24,100.0000,42101,Carbon monoxide,554,17460,"Cleveland-Elyria, OH",39,Ohio,35,Cuyahoga,41.492117,-81.678449
03/11/2026,AQS,390350060,1,0.3,ppm,3,GT Craig NCore PAMS,24,100.0000,42101,Carbon monoxide,554,17460,"Cleveland-Elyria, OH",39,Ohio,35,Cuyahoga,41.492117,-81.678449
03/12/2026,AQS,390350060,1,0.2,ppm,2,GT Craig NCore PAMS,24,100.0000,42101,Carbon monoxide,554,17460,"Cleveland-Elyria, OH",39,Ohio,35,Cuyahoga,41.492117,-81.678449
03/13/2026,AQS,390350060,1,0.4,ppm,5,GT Craig NCore PAMS,24,100.0000,42101,Carbon monoxide,554,17460,"Cleveland-Elyria, OH",39,Ohio,35,Cuyahoga,41.492117,-81.678449
03/14/2026,AQS,390350060,1,0.2,ppm,2,GT Craig NCore PAMS,24,100.0000,42101,Carbon monoxide,554,17460,"Cleveland-Elyria, OH",39,Ohio,35,Cuyahoga,41.492117,-81.678449
03/15/2026,AQS,390350060,1,0.4,ppm,5,GT Craig NCore PAMS,24,100.0000,42101,Carbon monoxide,554,17460,"Cleveland-Elyria, OH",39,Ohio,35,Cuyahoga,41.492117,-81.678449
03/16/2026,AQS,390350060,1,0.3,ppm,3,GT Craig NCore PAMS,24,100.0000,42101,Carbon monoxide,554,17460,"Cleveland-Elyria, OH",39,Ohio,35,Cuyahoga,41.492117,-81.678449
03/17/2026,AQS,390350060,1,0.2,ppm,2,GT Craig NCore PAMS,24,100.0000,42101,Carbon monoxide,554,17460,"Cleveland-Elyria, OH",39,Ohio,35,Cuyahoga,41.492117,-81.678449
03/18/2026,AQS,390350060,1,0.4,ppm,5,GT Craig NCore PAMS,24,100.0000,42101,Carbon monoxide,554,17460,"Cleveland-Elyria, OH",39,Ohio,35,Cuyahoga,41.492117,-81.678449
03/19/2026,AQS,390350060,1,0.5,ppm,6,GT Craig NCore PAMS,24,100.0000,42101,Carbon monoxide,554,17460,"Cleveland-Elyria, OH",39,Ohio,35,Cuyahoga,41.492117,-81.678449
03/20/2026,AQS,390350060,1,0.5,ppm,6,GT Craig NCore PAMS,24,100.0000,42101,Carbon monoxide,554,17460,"Cleveland-Elyria, OH",39,Ohio,35,Cuyahoga,41.492117,-81.678449
03/21/2026,AQS,390350060,1,0.5,ppm,6,GT Craig NCore PAMS,24,100.0000,42101,Carbon monoxide,554,17460,"Cleveland-Elyria, OH",39,Ohio,35,Cuyahoga,41.492117,-81.678449
03/22/2026,AQS,390350060,1,0.5,ppm,6,GT Craig NCore PAMS,24,100.0000,42101,Carbon monoxide,554,17460,"Cleveland-Elyria, OH",39,Ohio,35,Cuyahoga,41.492117,-81.678449
03/23/2026,AQS,390350060,1,0.2,ppm,2,GT Craig NCore PAMS,24,100.0000,42101,Carbon monoxide,554,17460,"Cleveland-Elyria, OH",39,Ohio,35,Cuyahoga,41.492117,-81.678449
03/24/2026,AQS,390350060,1,0.4,ppm,5,GT Craig NCore PAMS,18,75.0000,42101,Carbon monoxide,554,17460,"Cleveland-Elyria, OH",39,Ohio,35,Cuyahoga,41.492117,-81.678449
03/25/2026,AQS,390350060,1,0.4,ppm,5,GT Craig NCore PAMS,24,100.0000,42101,Carbon monoxide,554,17460,"Cleveland-Elyria, OH",39,Ohio,35,Cuyahoga,41.492117,-81.678449
03/26/2026,AQS,390350060,1,0.3,ppm,3,GT Craig NCore PAMS,24,100.0000,42101,Carbon monoxide,554,17460,"Cleveland-Elyria, OH",39,Ohio,35,Cuyahoga,41.492117,-81.678449
03/27/2026,AQS,390350060,1,0.2,ppm,2,GT Craig NCore PAMS,24,100.0000,42101,Carbon monoxide,554,17460,"Cleveland-Elyria, OH",39,Ohio,35,Cuyahoga,41.492117,-81.678449
03/28/2026,AQS,390350060,1,0.4,ppm,5,GT Craig NCore PAMS,24,100.0000,42101,Carbon monoxide,554,17460,"Cleveland-Elyria, OH",39,Ohio,35,Cuyahoga,41.492117,-81.678449
03/29/2026,AQS,390350060,1,0.6,ppm,7,GT Craig NCore PAMS,24,100.0000,42101,Carbon monoxide,554,17460,"Cleveland-Elyria, OH",39,Ohio,35,Cuyahoga,41.492117,-81.678449
03/30/2026,AQS,390350060,1,0.6,ppm,7,GT Craig NCore PAMS,24,100.0000,42101,Carbon monoxide,554,17460,"Cleveland-Elyria, OH",39,Ohio,35,Cuyahoga,41.492117,-81.678449
03/31/2026,AQS,390350060,1,0.2,ppm,2,GT Craig NCore PAMS,18,75.0000,42101,Carbon monoxide,554,17460,"Cleveland-Elyria, OH",39,Ohio,35,Cuyahoga,41.492117,-81.678449
04/01/2026,AQS,390350060,1,0.2,ppm,2,GT Craig NCore PAMS,24,100.0000,42101,Carbon monoxide,554,17460,"Cleveland-Elyria, OH",39,Ohio,35,Cuyahoga,41.492117,-81.678449
04/02/2026,AQS,390350060,1,0.4,ppm,5,GT Craig NCore PAMS,19,79.0000,42101,Carbon monoxide,554,17460,"Cleveland-Elyria, OH",39,Ohio,35,Cuyahoga,41.492117,-81.678449
04/03/2026,AQS,390350060,1,0.3,ppm,3,GT Craig NCore PAMS,23,96.0000,42101,Carbon monoxide,554,17460,"Cleveland-Elyria, OH",39,Ohio,35,Cuyahoga,41.492117,-81.678449
04/04/2026,AQS,390350060,1,0.2,ppm,2,GT Craig NCore PAMS,24,100.0000,42101,Carbon monoxide,554,17460,"Cleveland-Elyria, OH",39,Ohio,35,Cuyahoga,41.492117,-81.678449
04/05/2026,AQS,390350060,1,0.2,ppm,2,GT Craig NCore PAMS,24,100.0000,42101,Carbon monoxide,554,17460,"Cleveland-Elyria, OH",39,Ohio,35,Cuyahoga,41.492117,-81.678449
04/06/2026,AQS,390350060,1,0.3,ppm,3,GT Craig NCore PAMS,24,100.0000,42101,Carbon monoxide,554,17460,"Cleveland-Elyria, OH",39,Ohio,35,Cuyahoga,41.492117,-81.678449
04/07/2026,AQS,390350060,1,0.2,ppm,2,GT Craig NCore PAMS,24,100.0000,42101,Carbon monoxide,554,17460,"Cleveland-Elyria, OH",39,Ohio,35,Cuyahoga,41.492117,-81.678449
04/08/2026,AQS,390350060,1,0.2,ppm,2,GT Craig NCore PAMS,10,42.0000,42101,Carbon monoxide,554,17460,"Cleveland-Elyria, OH",39,Ohio,35,Cuyahoga,41.492117,-81.678449
04/09/2026,AQS,390350060,1,0.3,ppm,3,GT Craig NCore PAMS,9,38.0000,42101,Carbon monoxide,554,17460,"Cleveland-Elyria, OH",39,Ohio,35,Cuyahoga,41.492117,-81.678449
04/10/2026,AQS,390350060,1,0.4,ppm,5,GT Craig NCore PAMS,24,100.0000,42101,Carbon monoxide,554,17460,"Cleveland-Elyria, OH",39,Ohio,35,Cuyahoga,41.492117,-81.678449
04/11/2026,AQS,390350060,1,0.2,ppm,2,GT Craig NCore PAMS,24,100.0000,42101,Carbon monoxide,554,17460,"Cleveland-Elyria, OH",39,Ohio,35,Cuyahoga,41.492117,-81.678449
04/12/2026,AQS,390350060,1,0.4,ppm,5,GT Craig NCore PAMS,24,100.0000,42101,Carbon monoxide,554,17460,"Cleveland-Elyria, OH",39,Ohio,35,Cuyahoga,41.492117,-81.678449
04/13/2026,AQS,390350060,1,0.2,ppm,2,GT Craig NCore PAMS,24,100.0000,42101,Carbon monoxide,554,17460,"Cleveland-Elyria, OH",39,Ohio,35,Cuyahoga,41.492117,-81.678449
04/14/2026,AQS,390350060,1,0.3,ppm,3,GT Craig NCore PAMS,24,100.0000,42101,Carbon monoxide,554,17460,"Cleveland-Elyria, OH",39,Ohio,35,Cuyahoga,41.492117,-81.678449
04/15/2026,AQS,390350060,1,0.3,ppm,3,GT Craig NCore PAMS,24,100.0000,42101,Carbon monoxide,554,17460,"Cleveland-Elyria, OH",39,Ohio,35,Cuyahoga,41.492117,-81.678449
04/16/2026,AQS,390350060,1,0.4,ppm,5,GT Craig NCore PAMS,24,100.0000,42101,Carbon monoxide,554,17460,"Cleveland-Elyria, OH",39,Ohio,35,Cuyahoga,41.492117,-81.678449
04/17/2026,AQS,390350060,1,0.3,ppm,3,GT Craig NCore PAMS,24,100.0000,42101,Carbon monoxide,554,17460,"Cleveland-Elyria, OH",39,Ohio,35,Cuyahoga,41.492117,-81.678449
04/18/2026,AQS,390350060,1,0.3,ppm,3,GT Craig NCore PAMS,24,100.0000,42101,Carbon monoxide,554,17460,"Cleveland-Elyria, OH",39,Ohio,35,Cuyahoga,41.492117,-81.678449
04/19/2026,AQS,390350060,1,0.2,ppm,2,GT Craig NCore PAMS,24,100.0000,42101,Carbon monoxide,554,17460,"Cleveland-Elyria, OH",39,Ohio,35,Cuyahoga,41.492117,-81.678449
04/20/2026,AQS,390350060,1,0.2,ppm,2,GT Craig NCore PAMS,24,100.0000,42101,Carbon monoxide,554,17460,"Cleveland-Elyria, OH",39,Ohio,35,Cuyahoga,41.492117,-81.678449
04/21/2026,AQS,390350060,1,0.4,ppm,5,GT Craig NCore PAMS,24,100.0000,42101,Carbon monoxide,554,17460,"Cleveland-Elyria, OH",39,Ohio,35,Cuyahoga,41.492117,-81.678449
04/22/2026,AQS,390350060,1,0.3,ppm,3,GT Craig NCore PAMS,24,100.0000,42101,Carbon monoxide,554,17460,"Cleveland-Elyria, OH",39,Ohio,35,Cuyahoga,41.492117,-81.678449
04/23/2026,AQS,390350060,1,0.5,ppm,6,GT Craig NCore PAMS,24,100.0000,42101,Carbon monoxide,554,17460,"Cleveland-Elyria, OH",39,Ohio,35,Cuyahoga,41.492117,-81.678449
04/24/2026,AQS,390350060,1,0.3,ppm,3,GT Craig NCore PAMS,24,100.0000,42101,Carbon monoxide,554,17460,"Cleveland-Elyria, OH",39,Ohio,35,Cuyahoga,41.492117,-81.678449
04/25/2026,AQS,390350060,1,0.3,ppm,3,GT Craig NCore PAMS,24,100.0000,42101,Carbon monoxide,554,17460,"Cleveland-Elyria, OH",39,Ohio,35,Cuyahoga,41.492117,-81.678449
04/26/2026,AQS,390350060,1,0.2,ppm,2,GT Craig NCore PAMS,24,100.0000,42101,Carbon monoxide,554,17460,"Cleveland-Elyria, OH",39,Ohio,35,Cuyahoga,41.492117,-81.678449
04/27/2026,AQS,390350060,1,0.2,ppm,2,GT Craig NCore PAMS,24,100.0000,42101,Carbon monoxide,554,17460,"Cleveland-Elyria, OH",39,Ohio,35,Cuyahoga,41.492117,-81.678449
04/28/2026,AQS,390350060,1,0.4,ppm,5,GT Craig NCore PAMS,24,100.0000,42101,Carbon monoxide,554,17460,"Cleveland-Elyria, OH",39,Ohio,35,Cuyahoga,41.492117,-81.678449
04/29/2026,AQS,390350060,1,0.5,ppm,6,GT Craig NCore PAMS,24,100.0000,42101,Carbon monoxide,554,17460,"Cleveland-Elyria, OH",39,Ohio,35,Cuyahoga,41.492117,-81.678449
04/30/2026,AQS,390350060,1,0.2,ppm,2,GT Craig NCore PAMS,24,100.0000,42101,Carbon monoxide,554,17460,"Cleveland-Elyria, OH",39,Ohio,35,Cuyahoga,41.492117,-81.678449
05/01/2026,AQS,390350060,1,0.3,ppm,3,GT Craig NCore PAMS,24,100.0000,42101,Carbon monoxide,554,17460,"Cleveland-Elyria, OH",39,Ohio,35,Cuyahoga,41.492117,-81.678449
05/02/2026,AQS,390350060,1,0.2,ppm,2,GT Craig NCore PAMS,24,100.0000,42101,Carbon monoxide,554,17460,"Cleveland-Elyria, OH",39,Ohio,35,Cuyahoga,41.492117,-81.678449
05/03/2026,AQS,390350060,1,0.2,ppm,2,GT Craig NCore PAMS,24,100.0000,42101,Carbon monoxide,554,17460,"Cleveland-Elyria, OH",39,Ohio,35,Cuyahoga,41.492117,-81.678449
05/04/2026,AQS,390350060,1,0.2,ppm,2,GT Craig NCore PAMS,24,100.0000,42101,Carbon monoxide,554,17460,"Cleveland-Elyria, OH",39,Ohio,35,Cuyahoga,41.492117,-81.678449
05/05/2026,AQS,390350060,1,0.2,ppm,2,GT Craig NCore PAMS,24,100.0000,42101,Carbon monoxide,554,17460,"Cleveland-Elyria, OH",39,Ohio,35,Cuyahoga,41.492117,-81.678449
05/06/2026,AQS,390350060,1,0.2,ppm,2,GT Craig NCore PAMS,24,100.0000,42101,Carbon monoxide,554,17460,"Cleveland-Elyria, OH",39,Ohio,35,Cuyahoga,41.492117,-81.678449
05/07/2026,AQS,390350060,1,0.2,ppm,2,GT Craig NCore PAMS,24,100.0000,42101,Carbon monoxide,554,17460,"Cleveland-Elyria, OH",39,Ohio,35,Cuyahoga,41.492117,-81.678449
05/08/2026,AQS,390350060,1,0.4,ppm,5,GT Craig NCore PAMS,24,100.0000,42101,Carbon monoxide,554,17460,"Cleveland-Elyria, OH",39,Ohio,35,Cuyahoga,41.492117,-81.678449
05/09/2026,AQS,390350060,1,0.4,ppm,5,GT Craig NCore PAMS,24,100.0000,42101,Carbon monoxide,554,17460,"Cleveland-Elyria, OH",39,Ohio,35,Cuyahoga,41.492117,-81.678449
05/10/2026,AQS,390350060,1,0.2,ppm,2,GT Craig NCore PAMS,24,100.0000,42101,Carbon monoxide,554,17460,"Cleveland-Elyria, OH",39,Ohio,35,Cuyahoga,41.492117,-81.678449
05/11/2026,AQS,390350060,1,0.3,ppm,3,GT Craig NCore PAMS,24,100.0000,42101,Carbon monoxide,554,17460,"Cleveland-Elyria, OH",39,Ohio,35,Cuyahoga,41.492117,-81.678449
05/12/2026,AQS,390350060,1,0.4,ppm,5,GT Craig NCore PAMS,24,100.0000,42101,Carbon monoxide,554,17460,"Cleveland-Elyria, OH",39,Ohio,35,Cuyahoga,41.492117,-81.678449
05/13/2026,AQS,390350060,1,0.3,ppm,3,GT Craig NCore PAMS,24,100.0000,42101,Carbon monoxide,554,17460,"Cleveland-Elyria, OH",39,Ohio,35,Cuyahoga,41.492117,-81.678449
05/14/2026,AQS,390350060,1,0.1,ppm,1,GT Craig NCore PAMS,24,100.0000,42101,Carbon monoxide,554,17460,"Cleveland-Elyria, OH",39,Ohio,35,Cuyahoga,41.492117,-81.678449
05/15/2026,AQS,390350060,1,0.5,ppm,6,GT Craig NCore PAMS,24,100.0000,42101,Carbon monoxide,554,17460,"Cleveland-Elyria, OH",39,Ohio,35,Cuyahoga,41.492117,-81.678449
05/16/2026,AQS,390350060,1,0.3,ppm,3,GT Craig NCore PAMS,24,100.0000,42101,Carbon monoxide,554,17460,"Cleveland-Elyria, OH",39,Ohio,35,Cuyahoga,41.492117,-81.678449
05/17/2026,AQS,390350060,1,0.4,ppm,5,GT Craig NCore PAMS,24,100.0000,42101,Carbon monoxide,554,17460,"Cleveland-Elyria, OH",39,Ohio,35,Cuyahoga,41.492117,-81.678449
05/18/2026,AQS,390350060,1,0.4,ppm,5,GT Craig NCore PAMS,24,100.0000,42101,Carbon monoxide,554,17460,"Cleveland-Elyria, OH",39,Ohio,35,Cuyahoga,41.492117,-81.678449
05/19/2026,AQS,390350060,1,0.2,ppm,2,GT Craig NCore PAMS,24,100.0000,42101,Carbon monoxide,554,17460,"Cleveland-Elyria, OH",39,Ohio,35,Cuyahoga,41.492117,-81.678449
05/20/2026,AQS,390350060,1,0.2,ppm,2,GT Craig NCore PAMS,24,100.0000,42101,Carbon monoxide,554,17460,"Cleveland-Elyria, OH",39,Ohio,35,Cuyahoga,41.492117,-81.678449
05/21/2026,AQS,390350060,1,0.2,ppm,2,GT Craig NCore PAMS,24,100.0000,42101,Carbon monoxide,554,17460,"Cleveland-Elyria, OH",39,Ohio,35,Cuyahoga,41.492117,-81.678449
05/22/2026,AQS,390350060,1,0.2,ppm,2,GT Craig NCore PAMS,24,100.0000,42101,Carbon monoxide,554,17460,"Cleveland-Elyria, OH",39,Ohio,35,Cuyahoga,41.492117,-81.678449
05/23/2026,AQS,390350060,1,0.2,ppm,2,GT Craig NCore PAMS,24,100.0000,42101,Carbon monoxide,554,17460,"Cleveland-Elyria, OH",39,Ohio,35,Cuyahoga,41.492117,-81.678449
05/24/2026,AQS,390350060,1,0.3,ppm,3,GT Craig NCore PAMS,24,100.0000,42101,Carbon monoxide,554,17460,"Cleveland-Elyria, OH",39,Ohio,35,Cuyahoga,41.492117,-81.678449
05/25/2026,AQS,390350060,1,0.3,ppm,3,GT Craig NCore PAMS,24,100.0000,42101,Carbon monoxide,554,17460,"Cleveland-Elyria, OH",39,Ohio,35,Cuyahoga,41.492117,-81.678449
05/26/2026,AQS,390350060,1,0.7,ppm,8,GT Craig NCore PAMS,24,100.0000,42101,Carbon monoxide,554,17460,"Cleveland-Elyria, OH",39,Ohio,35,Cuyahoga,41.492117,-81.678449
05/27/2026,AQS,390350060,1,0.7,ppm,8,GT Craig NCore PAMS,24,100.0000,42101,Carbon monoxide,554,17460,"Cleveland-Elyria, OH",39,Ohio,35,Cuyahoga,41.492117,-81.678449
05/28/2026,AQS,390350060,1,0.3,ppm,3,GT Craig NCore PAMS,24,100.0000,42101,Carbon monoxide,554,17460,"Cleveland-Elyria, OH",39,Ohio,35,Cuyahoga,41.492117,-81.678449
05/29/2026,AQS,390350060,1,0.3,ppm,3,GT Craig NCore PAMS,24,100.0000,42101,Carbon monoxide,554,17460,"Cleveland-Elyria, OH",39,Ohio,35,Cuyahoga,41.492117,-81.678449
05/30/2026,AQS,390350060,1,0.3,ppm,3,GT Craig NCore PAMS,24,100.0000,42101,Carbon monoxide,554,17460,"Cleveland-Elyria, OH",39,Ohio,35,Cuyahoga,41.492117,-81.678449
05/31/2026,AQS,390350060,1,0.3,ppm,3,GT Craig NCore PAMS,24,100.0000,42101,Carbon monoxide,554,17460,"Cleveland-Elyria, OH",39,Ohio,35,Cuyahoga,41.492117,-81.678449
06/01/2026,AQS,390350060,1,0.6,ppm,7,GT Craig NCore PAMS,24,100.0000,42101,Carbon monoxide,554,17460,"Cleveland-Elyria, OH",39,Ohio,35,Cuyahoga,41.492117,-81.678449
06/02/2026,AQS,390350060,1,0.2,ppm,2,GT Craig NCore PAMS,24,100.0000,42101,Carbon monoxide,554,17460,"Cleveland-Elyria, OH",39,Ohio,35,Cuyahoga,41.492117,-81.678449
06/03/2026,AQS,390350060,1,0.4,ppm,5,GT Craig NCore PAMS,24,100.0000,42101,Carbon monoxide,554,17460,"Cleveland-Elyria, OH",39,Ohio,35,Cuyahoga,41.492117,-81.678449
06/04/2026,AQS,390350060,1,0.7,ppm,8,GT Craig NCore PAMS,24,100.0000,42101,Carbon monoxide,554,17460,"Cleveland-Elyria, OH",39,Ohio,35,Cuyahoga,41.492117,-81.678449
06/05/2026,AQS,390350060,1,0.4,ppm,5,GT Craig NCore PAMS,24,100.0000,42101,Carbon monoxide,554,17460,"Cleveland-Elyria, OH",39,Ohio,35,Cuyahoga,41.492117,-81.678449
06/06/2026,AQS,390350060,1,0.2,ppm,2,GT Craig NCore PAMS,24,100.0000,42101,Carbon monoxide,554,17460,"Cleveland-Elyria, OH",39,Ohio,35,Cuyahoga,41.492117,-81.678449
06/07/2026,AQS,390350060,1,0.2,ppm,2,GT Craig NCore PAMS,24,100.0000,42101,Carbon monoxide,554,17460,"Cleveland-Elyria, OH",39,Ohio,35,Cuyahoga,41.492117,-81.678449
06/08/2026,AQS,390350060,1,0.3,ppm,3,GT Craig NCore PAMS,24,100.0000,42101,Carbon monoxide,554,17460,"Cleveland-Elyria, OH",39,Ohio,35,Cuyahoga,41.492117,-81.678449
06/09/2026,AQS,390350060,1,0.4,ppm,5,GT Craig NCore PAMS,24,100.0000,42101,Carbon monoxide,554,17460,"Cleveland-Elyria, OH",39,Ohio,35,Cuyahoga,41.492117,-81.678449
06/10/2026,AQS,390350060,1,0.4,ppm,5,GT Craig NCore PAMS,24,100.0000,42101,Carbon monoxide,554,17460,"Cleveland-Elyria, OH",39,Ohio,35,Cuyahoga,41.492117,-81.678449
06/11/2026,AQS,390350060,1,0.3,ppm,3,GT Craig NCore PAMS,24,100.0000,42101,Carbon monoxide,554,17460,"Cleveland-Elyria, OH",39,Ohio,35,Cuyahoga,41.492117,-81.678449
06/12/2026,AQS,390350060,1,0.3,ppm,3,GT Craig NCore PAMS,24,100.0000,42101,Carbon monoxide,554,17460,"Cleveland-Elyria, OH",39,Ohio,35,Cuyahoga,41.492117,-81.678449
06/13/2026,AQS,390350060,1,0.3,ppm,3,GT Craig NCore PAMS,24,100.0000,42101,Carbon monoxide,554,17460,"Cleveland-Elyria, OH",39,Ohio,35,Cuyahoga,41.492117,-81.678449
06/14/2026,AQS,390350060,1,0.2,ppm,2,GT Craig NCore PAMS,24,100.0000,42101,Carbon monoxide,554,17460,"Cleveland-Elyria, OH",39,Ohio,35,Cuyahoga,41.492117,-81.678449
06/15/2026,AQS,390350060,1,0.2,ppm,2,GT Craig NCore PAMS,24,100.0000,42101,Carbon monoxide,554,17460,"Cleveland-Elyria, OH",39,Ohio,35,Cuyahoga,41.492117,-81.678449
06/16/2026,AQS,390350060,1,0.3,ppm,3,GT Craig NCore PAMS,24,100.0000,42101,Carbon monoxide,554,17460,"Cleveland-Elyria, OH",39,Ohio,35,Cuyahoga,41.492117,-81.678449
06/17/2026,AQS,390350060,1,0.2,ppm,2,GT Craig NCore PAMS,18,75.0000,42101,Carbon monoxide,554,17460,"Cleveland-Elyria, OH",39,Ohio,35,Cuyahoga,41.492117,-81.678449
06/18/2026,AQS,390350060,1,0.2,ppm,2,GT Craig NCore PAMS,24,100.0000,42101,Carbon monoxide,554,17460,"Cleveland-Elyria, OH",39,Ohio,35,Cuyahoga,41.492117,-81.678449
06/19/2026,AQS,390350060,1,0.2,ppm,2,GT Craig NCore PAMS,24,100.0000,42101,Carbon monoxide,554,17460,"Cleveland-Elyria, OH",39,Ohio,35,Cuyahoga,41.492117,-81.678449
06/20/2026,AQS,390350060,1,0.1,ppm,1,GT Craig NCore PAMS,24,100.0000,42101,Carbon monoxide,554,17460,"Cleveland-Elyria, OH",39,Ohio,35,Cuyahoga,41.492117,-81.678449
06/21/2026,AQS,390350060,1,0.3,ppm,3,GT Craig NCore PAMS,24,100.0000,42101,Carbon monoxide,554,17460,"Cleveland-Elyria, OH",39,Ohio,35,Cuyahoga,41.492117,-81.678449
06/22/2026,AQS,390350060,1,0.2,ppm,2,GT Craig NCore PAMS,24,100.0000,42101,Carbon monoxide,554,17460,"Cleveland-Elyria, OH",39,Ohio,35,Cuyahoga,41.492117,-81.678449
06/23/2026,AQS,390350060,1,0.2,ppm,2,GT Craig NCore PAMS,24,100.0000,42101,Carbon monoxide,554,17460,"Cleveland-Elyria, OH",39,Ohio,35,Cuyahoga,41.492117,-81.678449
06/24/2026,AQS,390350060,1,0.4,ppm,5,GT Craig NCore PAMS,24,100.0000,42101,Carbon monoxide,554,17460,"Cleveland-Elyria, OH",39,Ohio,35,Cuyahoga,41.492117,-81.678449
06/25/2026,AQS,390350060,1,0.4,ppm,5,GT Craig NCore PAMS,24,100.0000,42101,Carbon monoxide,554,17460,"Cleveland-Elyria, OH",39,Ohio,35,Cuyahoga,41.492117,-81.678449
06/26/2026,AQS,390350060,1,0.4,ppm,5,GT Craig NCore PAMS,24,100.0000,42101,Carbon monoxide,554,17460,"Cleveland-Elyria, OH",39,Ohio,35,Cuyahoga,41.492117,-81.678449
06/27/2026,AQS,390350060,1,0.3,ppm,3,GT Craig NCore PAMS,24,100.0000,42101,Carbon monoxide,554,17460,"Cleveland-Elyria, OH",39,Ohio,35,Cuyahoga,41.492117,-81.678449
06/28/2026,AQS,390350060,1,0.4,ppm,5,GT Craig NCore PAMS,24,100.0000,42101,Carbon monoxide,554,17460,"Cleveland-Elyria, OH",39,Ohio,35,Cuyahoga,41.492117,-81.678449
06/29/2026,AQS,390350060,1,0.4,ppm,5,GT Craig NCore PAMS,24,100.0000,42101,Carbon monoxide,554,17460,"Cleveland-Elyria, OH",39,Ohio,35,Cuyahoga,41.492117,-81.678449
06/30/2026,AQS,390350060,1,0.3,ppm,3,GT Craig NCore PAMS,24,100.0000,42101,Carbon monoxide,554,17460,"Cleveland-Elyria, OH",39,Ohio,35,Cuyahoga,41.492117,-81.678449
07/01/2026,AQS,390350060,1,0.2,ppm,2,GT Craig NCore PAMS,24,100.0000,42101,Carbon monoxide,554,17460,"Cleveland-Elyria, OH",39,Ohio,35,Cuyahoga,41.492117,-81.678449
07/02/2026,AQS,390350060,1,0.3,ppm,3,GT Craig NCore PAMS,24,100.0000,42101,Carbon monoxide,554,17460,"Cleveland-Elyria, OH",39,Ohio,35,Cuyahoga,41.492117,-81.678449
07/03/2026,AQS,390350060,1,0.3,ppm,3,GT Craig NCore PAMS,24,100.0000,42101,Carbon monoxide,554,17460,"Cleveland-Elyria, OH",39,Ohio,35,Cuyahoga,41.492117,-81.678449
07/04/2026,AQS,390350060,1,0.3,ppm,3,GT Craig NCore PAMS,24,100.0000,42101,Carbon monoxide,554,17460,"Cleveland-Elyria, OH",39,Ohio,35,Cuyahoga,41.492117,-81.678449
07/05/2026,AQS,390350060,1,0.5,ppm,6,GT Craig NCore PAMS,24,100.0000,42101,Carbon monoxide,554,17460,"Cleveland-Elyria, OH",39,Ohio,35,Cuyahoga,41.492117,-81.678449
07/06/2026,AQS,390350060,1,0.2,ppm,2,GT Craig NCore PAMS,24,100.0000,42101,Carbon monoxide,554,17460,"Cleveland-Elyria, OH",39,Ohio,35,Cuyahoga,41.492117,-81.678449
07/07/2026,AQS,390350060,1,0.3,ppm,3,GT Craig NCore PAMS,24,100.0000,42101,Carbon monoxide,554,17460,"Cleveland-Elyria, OH",39,Ohio,35,Cuyahoga,41.492117,-81.678449
07/08/2026,AQS,390350060,1,0.4,ppm,5,GT Craig NCore PAMS,17,71.0000,42101,Carbon monoxide,554,17460,"Cleveland-Elyria, OH",39,Ohio,35,Cuyahoga,41.492117,-81.678449
07/09/2026,AQS,390350060,1,0.4,ppm,5,GT Craig NCore PAMS,24,100.0000,42101,Carbon monoxide,554,17460,"Cleveland-Elyria, OH",39,Ohio,35,Cuyahoga,41.492117,-81.678449
07/10/2026,AQS,390350060,1,0.2,ppm,2,GT Craig NCore PAMS,24,100.0000,42101,Carbon monoxide,554,17460,"Cleveland-Elyria, OH",39,Ohio,35,Cuyahoga,41.492117,-81.678449
07/11/2026,AQS,390350060,1,0.2,ppm,2,GT Craig NCore PAMS,24,100.0000,42101,Carbon monoxide,554,17460,"Cleveland-Elyria, OH",39,Ohio,35,Cuyahoga,41.492117,-81.678449
07/12/2026,AQS,390350060,1,0.2,ppm,2,GT Craig NCore PAMS,24,100.0000,42101,Carbon monoxide,554,17460,"Cleveland-Elyria, OH",39,Ohio,35,Cuyahoga,41.492117,-81.678449
07/13/2026,AQS,390350060,1,0.3,ppm,3,GT Craig NCore PAMS,24,100.0000,42101,Carbon monoxide,554,17460,"Cleveland-Elyria, OH",39,Ohio,35,Cuyahoga,41.492117,-81.678449
07/14/2026,AQS,390350060,1,0.5,ppm,6,GT Craig NCore PAMS,24,100.0000,42101,Carbon monoxide,554,17460,"Cleveland-Elyria, OH",39,Ohio,35,Cuyahoga,41.492117,-81.678449
07/15/2026,AQS,390350060,1,0.3,ppm,3,GT Craig NCore PAMS,24,100.0000,42101,Carbon monoxide,554,17460,"Cleveland-Elyria, OH",39,Ohio,35,Cuyahoga,41.492117,-81.678449
07/16/2026,AQS,390350060,1,2.2,ppm,25,GT Craig NCore PAMS,24,100.0000,42101,Carbon monoxide,554,17460,"Cleveland-Elyria, OH",39,Ohio,35,Cuyahoga,41.492117,-81.678449
07/17/2026,AQS,390350060,1,2,ppm,23,GT Craig NCore PAMS,24,100.0000,42101,Carbon monoxide,554,17460,"Cleveland-Elyria, OH",39,Ohio,35,Cuyahoga,41.492117,-81.678449
07/18/2026,AQS,390350060,1,1.4,ppm,16,GT Craig NCore PAMS,24,100.0000,42101,Carbon monoxide,554,17460,"Cleveland-Elyria, OH",39,Ohio,35,Cuyahoga,41.492117,-81.678449
07/19/2026,AQS,390350060,1,1,ppm,11,GT Craig NCore PAMS,24,100.0000,42101,Carbon monoxide,554,17460,"Cleveland-Elyria, OH",39,Ohio,35,Cuyahoga,41.492117,-81.678449
07/20/2026,AQS,390350060,1,0.6,ppm,7,GT Craig NCore PAMS,24,100.0000,42101,Carbon monoxide,554,17460,"Cleveland-Elyria, OH",39,Ohio,35,Cuyahoga,41.492117,-81.678449
07/21/2026,AQS,390350060,1,0.7,ppm,8,GT Craig NCore PAMS,24,100.0000,42101,Carbon monoxide,554,17460,"Cleveland-Elyria, OH",39,Ohio,35,Cuyahoga,41.492117,-81.678449
07/22/2026,AQS,390350060,1,0.2,ppm,2,GT Craig NCore PAMS,9,38.0000,42101,Carbon monoxide,554,17460,"Cleveland-Elyria, OH",39,Ohio,35,Cuyahoga,41.492117,-81.678449
07/23/2026,AQS,390350060,1,0.2,ppm,2,GT Craig NCore PAMS,19,79.0000,42101,Carbon monoxide,554,17460,"Cleveland-Elyria, OH",39,Ohio,35,Cuyahoga,41.492117,-81.678449
07/24/2026,AQS,390350060,1,0.3,ppm,3,GT Craig NCore PAMS,24,100.0000,42101,Carbon monoxide,554,17460,"Cleveland-Elyria, OH",39,Ohio,35,Cuyahoga,41.492117,-81.678449
07/25/2026,AQS,390350060,1,0.3,ppm,3,GT Craig NCore PAMS,24,100.0000,42101,Carbon monoxide,554,17460,"Cleveland-Elyria, OH",39,Ohio,35,Cuyahoga,41.492117,-81.678449
07/26/2026,AQS,390350060,1,0.3,ppm,3,GT Craig NCore PAMS,24,100.0000,42101,Carbon monoxide,554,17460,"Cleveland-Elyria, OH",39,Ohio,35,Cuyahoga,41.492117,-81.678449
07/27/2026,AQS,390350060,1,0.2,ppm,2,GT Craig NCore PAMS,24,100.0000,42101,Carbon monoxide,554,17460,"Cleveland-Elyria, OH",39,Ohio,35,Cuyahoga,41.492117,-81.678449
07/28/2026,AQS,390350060,1,0.2,ppm,2,GT Craig NCore PAMS,24,100.0000,42101,Carbon monoxide,554,17460,"Cleveland-Elyria, OH",39,Ohio,35,Cuyahoga,41.492117,-81.678449
07/29/2026,AQS,390350060,1,0.2,ppm,2,GT Craig NCore PAMS,24,100.0000,42101,Carbon monoxide,554,17460,"Cleveland-Elyria, OH",39,Ohio,35,Cuyahoga,41.492117,-81.678449
07/30/2026,AQS,390350060,1,0.3,ppm,3,GT Craig NCore PAMS,24,100.0000,42101,Carbon monoxide,554,17460,"Cleveland-Elyria, OH",39,Ohio,35,Cuyahoga,41.492117,-81.678449
07/31/2026,AQS,390350060,1,0.6,ppm,7,GT Craig NCore PAMS,24,100.0000,42101,Carbon monoxide,554,17460,"Cleveland-Elyria, OH",39,Ohio,35,Cuyahoga,41.492117,-81.678449
08/01/2026,AQS,390350060,1,0.4,ppm,5,GT Craig NCore PAMS,2,8.0000,42101,Carbon monoxide,554,17460,"Cleveland-Elyria, OH",39,Ohio,35,Cuyahoga,41.492117,-81.678449
01/01/2026,AQS,390350073,1,0.2,ppm,2,Cleveland Near Road,19,79.0000,42101,Carbon monoxide,554,17460,"Cleveland-Elyria, OH",39,Ohio,35,Cuyahoga,41.44013,-81.494833
01/02/2026,AQS,390350073,1,0.3,ppm,3,Cleveland Near Road,24,100.0000,42101,Carbon monoxide,554,17460,"Cleveland-Elyria, OH",39,Ohio,35,Cuyahoga,41.44013,-81.494833
01/03/2026,AQS,390350073,1,0.4,ppm,5,Cleveland Near Road,24,100.0000,42101,Carbon monoxide,554,17460,"Cleveland-Elyria, OH",39,Ohio,35,Cuyahoga,41.44013,-81.494833
01/04/2026,AQS,390350073,1,0.4,ppm,5,Cleveland Near Road,24,100.0000,42101,Carbon monoxide,554,17460,"Cleveland-Elyria, OH",39,Ohio,35,Cuyahoga,41.44013,-81.494833
01/05/2026,AQS,390350073,1,0.4,ppm,5,Cleveland Near Road,24,100.0000,42101,Carbon monoxide,554,17460,"Cleveland-Elyria, OH",39,Ohio,35,Cuyahoga,41.44013,-81.494833
01/06/2026,AQS,390350073,1,0.4,ppm,5,Cleveland Near Road,24,100.0000,42101,Carbon monoxide,554,17460,"Cleveland-Elyria, OH",39,Ohio,35,Cuyahoga,41.44013,-81.494833
01/07/2026,AQS,390350073,1,0.4,ppm,5,Cleveland Near Road,24,100.0000,42101,Carbon monoxide,554,17460,"Cleveland-Elyria, OH",39,Ohio,35,Cuyahoga,41.44013,-81.494833
01/08/2026,AQS,390350073,1,0.3,ppm,3,Cleveland Near Road,24,100.0000,42101,Carbon monoxide,554,17460,"Cleveland-Elyria, OH",39,Ohio,35,Cuyahoga,41.44013,-81.494833
01/09/2026,AQS,390350073,1,0.3,ppm,3,Cleveland Near Road,24,100.0000,42101,Carbon monoxide,554,17460,"Cleveland-Elyria, OH",39,Ohio,35,Cuyahoga,41.44013,-81.494833
01/10/2026,AQS,390350073,1,0.3,ppm,3,Cleveland Near Road,24,100.0000,42101,Carbon monoxide,554,17460,"Cleveland-Elyria, OH",39,Ohio,35,Cuyahoga,41.44013,-81.494833
01/11/2026,AQS,390350073,1,0.3,ppm,3,Cleveland Near Road,24,100.0000,42101,Carbon monoxide,554,17460,"Cleveland-Elyria, OH",39,Ohio,35,Cuyahoga,41.44013,-81.494833
01/12/2026,AQS,390350073,1,0.3,ppm,3,Cleveland Near Road,24,100.0000,42101,Carbon monoxide,554,17460,"Cleveland-Elyria, OH",39,Ohio,35,Cuyahoga,41.44013,-81.494833
01/13/2026,AQS,390350073,1,0.3,ppm,3,Cleveland Near Road,24,100.0000,42101,Carbon monoxide,554,17460,"Cleveland-Elyria, OH",39,Ohio,35,Cuyahoga,41.44013,-81.494833
01/14/2026,AQS,390350073,1,0.3,ppm,3,Cleveland Near Road,24,100.0000,42101,Carbon monoxide,554,17460,"Cleveland-Elyria, OH",39,Ohio,35,Cuyahoga,41.44013,-81.494833
01/15/2026,AQS,390350073,1,0.4,ppm,5,Cleveland Near Road,24,100.0000,42101,Carbon monoxide,554,17460,"Cleveland-Elyria, OH",39,Ohio,35,Cuyahoga,41.44013,-81.494833
01/16/2026,AQS,390350073,1,0.4,ppm,5,Cleveland Near Road,24,100.0000,42101,Carbon monoxide,554,17460,"Cleveland-Elyria, OH",39,Ohio,35,Cuyahoga,41.44013,-81.494833
01/17/2026,AQS,390350073,1,0.3,ppm,3,Cleveland Near Road,24,100.0000,42101,Carbon monoxide,554,17460,"Cleveland-Elyria, OH",39,Ohio,35,Cuyahoga,41.44013,-81.494833
01/18/2026,AQS,390350073,1,0.3,ppm,3,Cleveland Near Road,24,100.0000,42101,Carbon monoxide,554,17460,"Cleveland-Elyria, OH",39,Ohio,35,Cuyahoga,41.44013,-81.494833
01/19/2026,AQS,390350073,1,0.3,ppm,3,Cleveland Near Road,24,100.0000,42101,Carbon monoxide,554,17460,"Cleveland-Elyria, OH",39,Ohio,35,Cuyahoga,41.44013,-81.494833
01/20/2026,AQS,390350073,1,0.3,ppm,3,Cleveland Near Road,24,100.0000,42101,Carbon monoxide,554,17460,"Cleveland-Elyria, OH",39,Ohio,35,Cuyahoga,41.44013,-81.494833
01/21/2026,AQS,390350073,1,0.3,ppm,3,Cleveland Near Road,24,100.0000,42101,Carbon monoxide,554,17460,"Cleveland-Elyria, OH",39,Ohio,35,Cuyahoga,41.44013,-81.494833
01/22/2026,AQS,390350073,1,0.2,ppm,2,Cleveland Near Road,24,100.0000,42101,Carbon monoxide,554,17460,"Cleveland-Elyria, OH",39,Ohio,35,Cuyahoga,41.44013,-81.494833
01/23/2026,AQS,390350073,1,0.2,ppm,2,Cleveland Near Road,24,100.0000,42101,Carbon monoxide,554,17460,"Cleveland-Elyria, OH",39,Ohio,35,Cuyahoga,41.44013,-81.494833
01/24/2026,AQS,390350073,1,0.2,ppm,2,Cleveland Near Road,24,100.0000,42101,Carbon monoxide,554,17460,"Cleveland-Elyria, OH",39,Ohio,35,Cuyahoga,41.44013,-81.494833
01/25/2026,AQS,390350073,1,0.2,ppm,2,Cleveland Near Road,24,100.0000,42101,Carbon monoxide,554,17460,"Cleveland-Elyria, OH",39,Ohio,35,Cuyahoga,41.44013,-81.494833
01/26/2026,AQS,390350073,1,0.3,ppm,3,Cleveland Near Road,24,100.0000,42101,Carbon monoxide,554,17460,"Cleveland-Elyria, OH",39,Ohio,35,Cuyahoga,41.44013,-81.494833
01/27/2026,AQS,390350073,1,0.2,ppm,2,Cleveland Near Road,24,100.0000,42101,Carbon monoxide,554,17460,"Cleveland-Elyria, OH",39,Ohio,35,Cuyahoga,41.44013,-81.494833
01/28/2026,AQS,390350073,1,0.3,ppm,3,Cleveland Near Road,24,100.0000,42101,Carbon monoxide,554,17460,"Cleveland-Elyria, OH",39,Ohio,35,Cuyahoga,41.44013,-81.494833
01/29/2026,AQS,390350073,1,0.3,ppm,3,Cleveland Near Road,24,100.0000,42101,Carbon monoxide,554,17460,"Cleveland-Elyria, OH",39,Ohio,35,Cuyahoga,41.44013,-81.494833
01/30/2026,AQS,390350073,1,0.7,ppm,8,Cleveland Near Road,24,100.0000,42101,Carbon monoxide,554,17460,"Cleveland-Elyria, OH",39,Ohio,35,Cuyahoga,41.44013,-81.494833
01/31/2026,AQS,390350073,1,0.6,ppm,7,Cleveland Near Road,24,100.0000,42101,Carbon monoxide,554,17460,"Cleveland-Elyria, OH",39,Ohio,35,Cuyahoga,41.44013,-81.494833
02/01/2026,AQS,390350073,1,0.4,ppm,5,Cleveland Near Road,24,100.0000,42101,Carbon monoxide,554,17460,"Cleveland-Elyria, OH",39,Ohio,35,Cuyahoga,41.44013,-81.494833
02/02/2026,AQS,390350073,1,0.5,ppm,6,Cleveland Near Road,24,100.0000,42101,Carbon monoxide,554,17460,"Cleveland-Elyria, OH",39,Ohio,35,Cuyahoga,41.44013,-81.494833
02/03/2026,AQS,390350073,1,0.3,ppm,3,Cleveland Near Road,24,100.0000,42101,Carbon monoxide,554,17460,"Cleveland-Elyria, OH",39,Ohio,35,Cuyahoga,41.44013,-81.494833
02/04/2026,AQS,390350073,1,0.5,ppm,6,Cleveland Near Road,24,100.0000,42101,Carbon monoxide,554,17460,"Cleveland-Elyria, OH",39,Ohio,35,Cuyahoga,41.44013,-81.494833
02/05/2026,AQS,390350073,1,0.4,ppm,5,Cleveland Near Road,24,100.0000,42101,Carbon monoxide,554,17460,"Cleveland-Elyria, OH",39,Ohio,35,Cuyahoga,41.44013,-81.494833
02/06/2026,AQS,390350073,1,0.3,ppm,3,Cleveland Near Road,24,100.0000,42101,Carbon monoxide,554,17460,"Cleveland-Elyria, OH",39,Ohio,35,Cuyahoga,41.44013,-81.494833
02/07/2026,AQS,390350073,1,0.3,ppm,3,Cleveland Near Road,24,100.0000,42101,Carbon monoxide,554,17460,"Cleveland-Elyria, OH",39,Ohio,35,Cuyahoga,41.44013,-81.494833
02/08/2026,AQS,390350073,1,0.5,ppm,6,Cleveland Near Road,24,100.0000,42101,Carbon monoxide,554,17460,"Cleveland-Elyria, OH",39,Ohio,35,Cuyahoga,41.44013,-81.494833
02/09/2026,AQS,390350073,1,0.2,ppm,2,Cleveland Near Road,24,100.0000,42101,Carbon monoxide,554,17460,"Cleveland-Elyria, OH",39,Ohio,35,Cuyahoga,41.44013,-81.494833
02/10/2026,AQS,390350073,1,0.4,ppm,5,Cleveland Near Road,24,100.0000,42101,Carbon monoxide,554,17460,"Cleveland-Elyria, OH",39,Ohio,35,Cuyahoga,41.44013,-81.494833
02/11/2026,AQS,390350073,1,0.3,ppm,3,Cleveland Near Road,24,100.0000,42101,Carbon monoxide,554,17460,"Cleveland-Elyria, OH",39,Ohio,35,Cuyahoga,41.44013,-81.494833
02/12/2026,AQS,390350073,1,0.3,ppm,3,Cleveland Near Road,24,100.0000,42101,Carbon monoxide,554,17460,"Cleveland-Elyria, OH",39,Ohio,35,Cuyahoga,41.44013,-81.494833
02/13/2026,AQS,390350073,1,0.6,ppm,7,Cleveland Near Road,24,100.0000,42101,Carbon monoxide,554,17460,"Cleveland-Elyria, OH",39,Ohio,35,Cuyahoga,41.44013,-81.494833
02/14/2026,AQS,390350073,1,0.4,ppm,5,Cleveland Near Road,24,100.0000,42101,Carbon monoxide,554,17460,"Cleveland-Elyria, OH",39,Ohio,35,Cuyahoga,41.44013,-81.494833
02/15/2026,AQS,390350073,1,0.4,ppm,5,Cleveland Near Road,24,100.0000,42101,Carbon monoxide,554,17460,"Cleveland-Elyria, OH",39,Ohio,35,Cuyahoga,41.44013,-81.494833
02/16/2026,AQS,390350073,1,0.3,ppm,3,Cleveland Near Road,24,100.0000,42101,Carbon monoxide,554,17460,"Cleveland-Elyria, OH",39,Ohio,35,Cuyahoga,41.44013,-81.494833
02/17/2026,AQS,390350073,1,0.3,ppm,3,Cleveland Near Road,24,100.0000,42101,Carbon monoxide,554,17460,"Cleveland-Elyria, OH",39,Ohio,35,Cuyahoga,41.44013,-81.494833
02/18/2026,AQS,390350073,1,0.4,ppm,5,Cleveland Near Road,24,100.0000,42101,Carbon monoxide,554,17460,"Cleveland-Elyria, OH",39,Ohio,35,Cuyahoga,41.44013,-81.494833
02/19/2026,AQS,390350073,1,0.5,ppm,6,Cleveland Near Road,24,100.0000,42101,Carbon monoxide,554,17460,"Cleveland-Elyria, OH",39,Ohio,35,Cuyahoga,41.44013,-81.494833
02/20/2026,AQS,390350073,1,0.2,ppm,2,Cleveland Near Road,24,100.0000,42101,Carbon monoxide,554,17460,"Cleveland-Elyria, OH",39,Ohio,35,Cuyahoga,41.44013,-81.494833
02/21/2026,AQS,390350073,1,0.3,ppm,3,Cleveland Near Road,24,100.0000,42101,Carbon monoxide,554,17460,"Cleveland-Elyria, OH",39,Ohio,35,Cuyahoga,41.44013,-81.494833
02/22/2026,AQS,390350073,1,0.3,ppm,3,Cleveland Near Road,24,100.0000,42101,Carbon monoxide,554,17460,"Cleveland-Elyria, OH",39,Ohio,35,Cuyahoga,41.44013,-81.494833
02/23/2026,AQS,390350073,1,0.2,ppm,2,Cleveland Near Road,24,100.0000,42101,Carbon monoxide,554,17460,"Cleveland-Elyria, OH",39,Ohio,35,Cuyahoga,41.44013,-81.494833
02/24/2026,AQS,390350073,1,0.2,ppm,2,Cleveland Near Road,24,100.0000,42101,Carbon monoxide,554,17460,"Cleveland-Elyria, OH",39,Ohio,35,Cuyahoga,41.44013,-81.494833
02/25/2026,AQS,390350073,1,0.3,ppm,3,Cleveland Near Road,24,100.0000,42101,Carbon monoxide,554,17460,"Cleveland-Elyria, OH",39,Ohio,35,Cuyahoga,41.44013,-81.494833
02/26/2026,AQS,390350073,1,0.3,ppm,3,Cleveland Near Road,24,100.0000,42101,Carbon monoxide,554,17460,"Cleveland-Elyria, OH",39,Ohio,35,Cuyahoga,41.44013,-81.494833
02/27/2026,AQS,390350073,1,0.4,ppm,5,Cleveland Near Road,24,100.0000,42101,Carbon monoxide,554,17460,"Cleveland-Elyria, OH",39,Ohio,35,Cuyahoga,41.44013,-81.494833
02/28/2026,AQS,390350073,1,0.2,ppm,2,Cleveland Near Road,24,100.0000,42101,Carbon monoxide,554,17460,"Cleveland-Elyria, OH",39,Ohio,35,Cuyahoga,41.44013,-81.494833
03/01/2026,AQS,390350073,1,0.2,ppm,2,Cleveland Near Road,24,100.0000,42101,Carbon monoxide,554,17460,"Cleveland-Elyria, OH",39,Ohio,35,Cuyahoga,41.44013,-81.494833
03/02/2026,AQS,390350073,1,0.2,ppm,2,Cleveland Near Road,24,100.0000,42101,Carbon monoxide,554,17460,"Cleveland-Elyria, OH",39,Ohio,35,Cuyahoga,41.44013,-81.494833
03/03/2026,AQS,390350073,1,0.4,ppm,5,Cleveland Near Road,24,100.0000,42101,Carbon monoxide,554,17460,"Cleveland-Elyria, OH",39,Ohio,35,Cuyahoga,41.44013,-81.494833
03/04/2026,AQS,390350073,1,0.4,ppm,5,Cleveland Near Road,24,100.0000,42101,Carbon monoxide,554,17460,"Cleveland-Elyria, OH",39,Ohio,35,Cuyahoga,41.44013,-81.494833
03/05/2026,AQS,390350073,1,0.4,ppm,5,Cleveland Near Road,24,100.0000,42101,Carbon monoxide,554,17460,"Cleveland-Elyria, OH",39,Ohio,35,Cuyahoga,41.44013,-81.494833
03/06/2026,AQS,390350073,1,0.4,ppm,5,Cleveland Near Road,24,100.0000,42101,Carbon monoxide,554,17460,"Cleveland-Elyria, OH",39,Ohio,35,Cuyahoga,41.44013,-81.494833
03/07/2026,AQS,390350073,1,0.2,ppm,2,Cleveland Near Road,24,100.0000,42101,Carbon monoxide,554,17460,"Cleveland-Elyria, OH",39,Ohio,35,Cuyahoga,41.44013,-81.494833
03/08/2026,AQS,390350073,1,0.2,ppm,2,Cleveland Near Road,24,100.0000,42101,Carbon monoxide,554,17460,"Cleveland-Elyria, OH",39,Ohio,35,Cuyahoga,41.44013,-81.494833
03/09/2026,AQS,390350073,1,0.2,ppm,2,Cleveland Near Road,24,100.0000,42101,Carbon monoxide,554,17460,"Cleveland-Elyria, OH",39,Ohio,35,Cuyahoga,41.44013,-81.494833
03/10/2026,AQS,390350073,1,0.2,ppm,2,Cleveland Near Road,24,100.0000,42101,Carbon monoxide,554,17460,"Cleveland-Elyria, OH",39,Ohio,35,Cuyahoga,41.44013,-81.494833
03/11/2026,AQS,390350073,1,0.2,ppm,2,Cleveland Near Road,24,100.0000,42101,Carbon monoxide,554,17460,"Cleveland-Elyria, OH",39,Ohio,35,Cuyahoga,41.44013,-81.494833
03/12/2026,AQS,390350073,1,0.2,ppm,2,Cleveland Near Road,24,100.0000,42101,Carbon monoxide,554,17460,"Cleveland-Elyria, OH",39,Ohio,35,Cuyahoga,41.44013,-81.494833
03/13/2026,AQS,390350073,1,0.2,ppm,2,Cleveland Near Road,24,100.0000,42101,Carbon monoxide,554,17460,"Cleveland-Elyria, OH",39,Ohio,35,Cuyahoga,41.44013,-81.494833
03/14/2026,AQS,390350073,1,0.2,ppm,2,Cleveland Near Road,24,100.0000,42101,Carbon monoxide,554,17460,"Cleveland-Elyria, OH",39,Ohio,35,Cuyahoga,41.44013,-81.494833
03/15/2026,AQS,390350073,1,0.1,ppm,1,Cleveland Near Road,24,100.0000,42101,Carbon monoxide,554,17460,"Cleveland-Elyria, OH",39,Ohio,35,Cuyahoga,41.44013,-81.494833
03/16/2026,AQS,390350073,1,0.2,ppm,2,Cleveland Near Road,24,100.0000,42101,Carbon monoxide,554,17460,"Cleveland-Elyria, OH",39,Ohio,35,Cuyahoga,41.44013,-81.494833
03/17/2026,AQS,390350073,1,0.2,ppm,2,Cleveland Near Road,24,100.0000,42101,Carbon monoxide,554,17460,"Cleveland-Elyria, OH",39,Ohio,35,Cuyahoga,41.44013,-81.494833
03/18/2026,AQS,390350073,1,0.2,ppm,2,Cleveland Near Road,24,100.0000,42101,Carbon monoxide,554,17460,"Cleveland-Elyria, OH",39,Ohio,35,Cuyahoga,41.44013,-81.494833
03/19/2026,AQS,390350073,1,0.3,ppm,3,Cleveland Near Road,24,100.0000,42101,Carbon monoxide,554,17460,"Cleveland-Elyria, OH",39,Ohio,35,Cuyahoga,41.44013,-81.494833
03/20/2026,AQS,390350073,1,0.4,ppm,5,Cleveland Near Road,24,100.0000,42101,Carbon monoxide,554,17460,"Cleveland-Elyria, OH",39,Ohio,35,Cuyahoga,41.44013,-81.494833
03/21/2026,AQS,390350073,1,0.3,ppm,3,Cleveland Near Road,24,100.0000,42101,Carbon monoxide,554,17460,"Cleveland-Elyria, OH",39,Ohio,35,Cuyahoga,41.44013,-81.494833
03/22/2026,AQS,390350073,1,0.3,ppm,3,Cleveland Near Road,24,100.0000,42101,Carbon monoxide,554,17460,"Cleveland-Elyria, OH",39,Ohio,35,Cuyahoga,41.44013,-81.494833
03/23/2026,AQS,390350073,1,0.2,ppm,2,Cleveland Near Road,24,100.0000,42101,Carbon monoxide,554,17460,"Cleveland-Elyria, OH",39,Ohio,35,Cuyahoga,41.44013,-81.494833
03/24/2026,AQS,390350073,1,0.4,ppm,5,Cleveland Near Road,24,100.0000,42101,Carbon monoxide,554,17460,"Cleveland-Elyria, OH",39,Ohio,35,Cuyahoga,41.44013,-81.494833
03/25/2026,AQS,390350073,1,0.3,ppm,3,Cleveland Near Road,24,100.0000,42101,Carbon monoxide,554,17460,"Cleveland-Elyria, OH",39,Ohio,35,Cuyahoga,41.44013,-81.494833
03/26/2026,AQS,390350073,1,0.3,ppm,3,Cleveland Near Road,24,100.0000,42101,Carbon monoxide,554,17460,"Cleveland-Elyria, OH",39,Ohio,35,Cuyahoga,41.44013,-81.494833
03/27/2026,AQS,390350073,1,0.2,ppm,2,Cleveland Near Road,24,100.0000,42101,Carbon monoxide,554,17460,"Cleveland-Elyria, OH",39,Ohio,35,Cuyahoga,41.44013,-81.494833
03/28/2026,AQS,390350073,1,0.2,ppm,2,Cleveland Near Road,24,100.0000,42101,Carbon monoxide,554,17460,"Cleveland-Elyria, OH",39,Ohio,35,Cuyahoga,41.44013,-81.494833
03/29/2026,AQS,390350073,1,0.2,ppm,2,Cleveland Near Road,24,100.0000,42101,Carbon monoxide,554,17460,"Cleveland-Elyria, OH",39,Ohio,35,Cuyahoga,41.44013,-81.494833
03/30/2026,AQS,390350073,1,0.2,ppm,2,Cleveland Near Road,24,100.0000,42101,Carbon monoxide,554,17460,"Cleveland-Elyria, OH",39,Ohio,35,Cuyahoga,41.44013,-81.494833
03/31/2026,AQS,390350073,1,0.2,ppm,2,Cleveland Near Road,24,100.0000,42101,Carbon monoxide,554,17460,"Cleveland-Elyria, OH",39,Ohio,35,Cuyahoga,41.44013,-81.494833
04/01/2026,AQS,390350073,1,0.2,ppm,2,Cleveland Near Road,24,100.0000,42101,Carbon monoxide,554,17460,"Cleveland-Elyria, OH",39,Ohio,35,Cuyahoga,41.44013,-81.494833
04/02/2026,AQS,390350073,1,0.2,ppm,2,Cleveland Near Road,24,100.0000,42101,Carbon monoxide,554,17460,"Cleveland-Elyria, OH",39,Ohio,35,Cuyahoga,41.44013,-81.494833
04/03/2026,AQS,390350073,1,0.3,ppm,3,Cleveland Near Road,24,100.0000,42101,Carbon monoxide,554,17460,"Cleveland-Elyria, OH",39,Ohio,35,Cuyahoga,41.44013,-81.494833
04/04/2026,AQS,390350073,1,0.2,ppm,2,Cleveland Near Road,24,100.0000,42101,Carbon monoxide,554,17460,"Cleveland-Elyria, OH",39,Ohio,35,Cuyahoga,41.44013,-81.494833
04/05/2026,AQS,390350073,1,0.2,ppm,2,Cleveland Near Road,24,100.0000,42101,Carbon monoxide,554,17460,"Cleveland-Elyria, OH",39,Ohio,35,Cuyahoga,41.44013,-81.494833
04/06/2026,AQS,390350073,1,0.2,ppm,2,Cleveland Near Road,24,100.0000,42101,Carbon monoxide,554,17460,"Cleveland-Elyria, OH",39,Ohio,35,Cuyahoga,41.44013,-81.494833
04/07/2026,AQS,390350073,1,0.2,ppm,2,Cleveland Near Road,24,100.0000,42101,Carbon monoxide,554,17460,"Cleveland-Elyria, OH",39,Ohio,35,Cuyahoga,41.44013,-81.494833
04/08/2026,AQS,390350073,1,0.2,ppm,2,Cleveland Near Road,24,100.0000,42101,Carbon monoxide,554,17460,"Cleveland-Elyria, OH",39,Ohio,35,Cuyahoga,41.44013,-81.494833
04/09/2026,AQS,390350073,1,0.3,ppm,3,Cleveland Near Road,24,100.0000,42101,Carbon monoxide,554,17460,"Cleveland-Elyria, OH",39,Ohio,35,Cuyahoga,41.44013,-81.494833
04/10/2026,AQS,390350073,1,0.3,ppm,3,Cleveland Near Road,24,100.0000,42101,Carbon monoxide,554,17460,"Cleveland-Elyria, OH",39,Ohio,35,Cuyahoga,41.44013,-81.494833
04/11/2026,AQS,390350073,1,0.2,ppm,2,Cleveland Near Road,24,100.0000,42101,Carbon monoxide,554,17460,"Cleveland-Elyria, OH",39,Ohio,35,Cuyahoga,41.44013,-81.494833
04/12/2026,AQS,390350073,1,0.2,ppm,2,Cleveland Near Road,24,100.0000,42101,Carbon monoxide,554,17460,"Cleveland-Elyria, OH",39,Ohio,35,Cuyahoga,41.44013,-81.494833
04/13/2026,AQS,390350073,1,0.3,ppm,3,Cleveland Near Road,24,100.0000,42101,Carbon monoxide,554,17460,"Cleveland-Elyria, OH",39,Ohio,35,Cuyahoga,41.44013,-81.494833
04/14/2026,AQS,390350073,1,0.2,ppm,2,Cleveland Near Road,24,100.0000,42101,Carbon monoxide,554,17460,"Cleveland-Elyria, OH",39,Ohio,35,Cuyahoga,41.44013,-81.494833
04/15/2026,AQS,390350073,1,0.2,ppm,2,Cleveland Near Road,24,100.0000,42101,Carbon monoxide,554,17460,"Cleveland-Elyria, OH",39,Ohio,35,Cuyahoga,41.44013,-81.494833
04/16/2026,AQS,390350073,1,0.3,ppm,3,Cleveland Near Road,24,100.0000,42101,Carbon monoxide,554,17460,"Cleveland-Elyria, OH",39,Ohio,35,Cuyahoga,41.44013,-81.494833
04/17/2026,AQS,390350073,1,0.3,ppm,3,Cleveland Near Road,24,100.0000,42101,Carbon monoxide,554,17460,"Cleveland-Elyria, OH",39,Ohio,35,Cuyahoga,41.44013,-81.494833
04/18/2026,AQS,390350073,1,0.2,ppm,2,Cleveland Near Road,24,100.0000,42101,Carbon monoxide,554,17460,"Cleveland-Elyria, OH",39,Ohio,35,Cuyahoga,41.44013,-81.494833
04/19/2026,AQS,390350073,1,0.2,ppm,2,Cleveland Near Road,24,100.0000,42101,Carbon monoxide,554,17460,"Cleveland-Elyria, OH",39,Ohio,35,Cuyahoga,41.44013,-81.494833
04/20/2026,AQS,390350073,1,0.2,ppm,2,Cleveland Near Road,24,100.0000,42101,Carbon monoxide,554,17460,"Cleveland-Elyria, OH",39,Ohio,35,Cuyahoga,41.44013,-81.494833
04/21/2026,AQS,390350073,1,0.2,ppm,2,Cleveland Near Road,24,100.0000,42101,Carbon monoxide,554,17460,"Cleveland-Elyria, OH",39,Ohio,35,Cuyahoga,41.44013,-81.494833
04/22/2026,AQS,390350073,1,0.4,ppm,5,Cleveland Near Road,24,100.0000,42101,Carbon monoxide,554,17460,"Cleveland-Elyria, OH",39,Ohio,35,Cuyahoga,41.44013,-81.494833
04/23/2026,AQS,390350073,1,0.3,ppm,3,Cleveland Near Road,24,100.0000,42101,Carbon monoxide,554,17460,"Cleveland-Elyria, OH",39,Ohio,35,Cuyahoga,41.44013,-81.494833
04/24/2026,AQS,390350073,1,0.3,ppm,3,Cleveland Near Road,24,100.0000,42101,Carbon monoxide,554,17460,"Cleveland-Elyria, OH",39,Ohio,35,Cuyahoga,41.44013,-81.494833
04/25/2026,AQS,390350073,1,0.3,ppm,3,Cleveland Near Road,24,100.0000,42101,Carbon monoxide,554,17460,"Cleveland-Elyria, OH",39,Ohio,35,Cuyahoga,41.44013,-81.494833
04/26/2026,AQS,390350073,1,0.2,ppm,2,Cleveland Near Road,24,100.0000,42101,Carbon monoxide,554,17460,"Cleveland-Elyria, OH",39,Ohio,35,Cuyahoga,41.44013,-81.494833
04/27/2026,AQS,390350073,1,0.2,ppm,2,Cleveland Near Road,24,100.0000,42101,Carbon monoxide,554,17460,"Cleveland-Elyria, OH",39,Ohio,35,Cuyahoga,41.44013,-81.494833
04/28/2026,AQS,390350073,1,0.3,ppm,3,Cleveland Near Road,24,100.0000,42101,Carbon monoxide,554,17460,"Cleveland-Elyria, OH",39,Ohio,35,Cuyahoga,41.44013,-81.494833
04/29/2026,AQS,390350073,1,0.3,ppm,3,Cleveland Near Road,11,46.0000,42101,Carbon monoxide,554,17460,"Cleveland-Elyria, OH",39,Ohio,35,Cuyahoga,41.44013,-81.494833
04/30/2026,AQS,390350073,1,0.3,ppm,3,Cleveland Near Road,8,33.0000,42101,Carbon monoxide,554,17460,"Cleveland-Elyria, OH",39,Ohio,35,Cuyahoga,41.44013,-81.494833
05/01/2026,AQS,390350073,1,0.3,ppm,3,Cleveland Near Road,24,100.0000,42101,Carbon monoxide,554,17460,"Cleveland-Elyria, OH",39,Ohio,35,Cuyahoga,41.44013,-81.494833
05/02/2026,AQS,390350073,1,0.5,ppm,6,Cleveland Near Road,24,100.0000,42101,Carbon monoxide,554,17460,"Cleveland-Elyria, OH",39,Ohio,35,Cuyahoga,41.44013,-81.494833
05/03/2026,AQS,390350073,1,0.5,ppm,6,Cleveland Near Road,24,100.0000,42101,Carbon monoxide,554,17460,"Cleveland-Elyria, OH",39,Ohio,35,Cuyahoga,41.44013,-81.494833
05/04/2026,AQS,390350073,1,0.5,ppm,6,Cleveland Near Road,24,100.0000,42101,Carbon monoxide,554,17460,"Cleveland-Elyria, OH",39,Ohio,35,Cuyahoga,41.44013,-81.494833
05/05/2026,AQS,390350073,1,0.7,ppm,8,Cleveland Near Road,24,100.0000,42101,Carbon monoxide,554,17460,"Cleveland-Elyria, OH",39,Ohio,35,Cuyahoga,41.44013,-81.494833
05/06/2026,AQS,390350073,1,0.6,ppm,7,Cleveland Near Road,24,100.0000,42101,Carbon monoxide,554,17460,"Cleveland-Elyria, OH",39,Ohio,35,Cuyahoga,41.44013,-81.494833
05/07/2026,AQS,390350073,1,0.3,ppm,3,Cleveland Near Road,24,100.0000,42101,Carbon monoxide,554,17460,"Cleveland-Elyria, OH",39,Ohio,35,Cuyahoga,41.44013,-81.494833
05/08/2026,AQS,390350073,1,0.3,ppm,3,Cleveland Near Road,24,100.0000,42101,Carbon monoxide,554,17460,"Cleveland-Elyria, OH",39,Ohio,35,Cuyahoga,41.44013,-81.494833
05/09/2026,AQS,390350073,1,0.2,ppm,2,Cleveland Near Road,24,100.0000,42101,Carbon monoxide,554,17460,"Cleveland-Elyria, OH",39,Ohio,35,Cuyahoga,41.44013,-81.494833
05/10/2026,AQS,390350073,1,0.2,ppm,2,Cleveland Near Road,24,100.0000,42101,Carbon monoxide,554,17460,"Cleveland-Elyria, OH",39,Ohio,35,Cuyahoga,41.44013,-81.494833
05/11/2026,AQS,390350073,1,0.3,ppm,3,Cleveland Near Road,24,100.0000,42101,Carbon monoxide,554,17460,"Cleveland-Elyria, OH",39,Ohio,35,Cuyahoga,41.44013,-81.494833
05/12/2026,AQS,390350073,1,0.2,ppm,2,Cleveland Near Road,24,100.0000,42101,Carbon monoxide,554,17460,"Cleveland-Elyria, OH",39,Ohio,35,Cuyahoga,41.44013,-81.494833
05/13/2026,AQS,390350073,1,0.3,ppm,3,Cleveland Near Road,24,100.0000,42101,Carbon monoxide,554,17460,"Cleveland-Elyria, OH",39,Ohio,35,Cuyahoga,41.44013,-81.494833
05/14/2026,AQS,390350073,1,0.3,ppm,3,Cleveland Near Road,24,100.0000,42101,Carbon monoxide,554,17460,"Cleveland-Elyria, OH",39,Ohio,35,Cuyahoga,41.44013,-81.494833
05/15/2026,AQS,390350073,1,0.3,ppm,3,Cleveland Near Road,24,100.0000,42101,Carbon monoxide,554,17460,"Cleveland-Elyria, OH",39,Ohio,35,Cuyahoga,41.44013,-81.494833
05/16/2026,AQS,390350073,1,0.2,ppm,2,Cleveland Near Road,24,100.0000,42101,Carbon monoxide,554,17460,"Cleveland-Elyria, OH",39,Ohio,35,Cuyahoga,41.44013,-81.494833
05/17/2026,AQS,390350073,1,0.3,ppm,3,Cleveland Near Road,24,100.0000,42101,Carbon monoxide,554,17460,"Cleveland-Elyria, OH",39,Ohio,35,Cuyahoga,41.44013,-81.494833
05/18/2026,AQS,390350073,1,0.3,ppm,3,Cleveland Near Road,24,100.0000,42101,Carbon monoxide,554,17460,"Cleveland-Elyria, OH",39,Ohio,35,Cuyahoga,41.44013,-81.494833
05/19/2026,AQS,390350073,1,0.2,ppm,2,Cleveland Near Road,24,100.0000,42101,Carbon monoxide,554,17460,"Cleveland-Elyria, OH",39,Ohio,35,Cuyahoga,41.44013,-81.494833
05/20/2026,AQS,390350073,1,0.3,ppm,3,Cleveland Near Road,24,100.0000,42101,Carbon monoxide,554,17460,"Cleveland-Elyria, OH",39,Ohio,35,Cuyahoga,41.44013,-81.494833
05/21/2026,AQS,390350073,1,0.2,ppm,2,Cleveland Near Road,24,100.0000,42101,Carbon monoxide,554,17460,"Cleveland-Elyria, OH",39,Ohio,35,Cuyahoga,41.44013,-81.494833
05/22/2026,AQS,390350073,1,0.1,ppm,1,Cleveland Near Road,24,100.0000,42101,Carbon monoxide,554,17460,"Cleveland-Elyria, OH",39,Ohio,35,Cuyahoga,41.44013,-81.494833
05/23/2026,AQS,390350073,1,0.1,ppm,1,Cleveland Near Road,24,100.0000,42101,Carbon monoxide,554,17460,"Cleveland-Elyria, OH",39,Ohio,35,Cuyahoga,41.44013,-81.494833
05/24/2026,AQS,390350073,1,0.1,ppm,1,Cleveland Near Road,24,100.0000,42101,Carbon monoxide,554,17460,"Cleveland-Elyria, OH",39,Ohio,35,Cuyahoga,41.44013,-81.494833
05/25/2026,AQS,390350073,1,0.2,ppm,2,Cleveland Near Road,24,100.0000,42101,Carbon monoxide,554,17460,"Cleveland-Elyria, OH",39,Ohio,35,Cuyahoga,41.44013,-81.494833
05/26/2026,AQS,390350073,1,0.3,ppm,3,Cleveland Near Road,24,100.0000,42101,Carbon monoxide,554,17460,"Cleveland-Elyria, OH",39,Ohio,35,Cuyahoga,41.44013,-81.494833
05/27/2026,AQS,390350073,1,0.4,ppm,5,Cleveland Near Road,24,100.0000,42101,Carbon monoxide,554,17460,"Cleveland-Elyria, OH",39,Ohio,35,Cuyahoga,41.44013,-81.494833
05/28/2026,AQS,390350073,1,0.3,ppm,3,Cleveland Near Road,24,100.0000,42101,Carbon monoxide,554,17460,"Cleveland-Elyria, OH",39,Ohio,35,Cuyahoga,41.44013,-81.494833
05/29/2026,AQS,390350073,1,0.3,ppm,3,Cleveland Near Road,24,100.0000,42101,Carbon monoxide,554,17460,"Cleveland-Elyria, OH",39,Ohio,35,Cuyahoga,41.44013,-81.494833
05/30/2026,AQS,390350073,1,0.3,ppm,3,Cleveland Near Road,24,100.0000,42101,Carbon monoxide,554,17460,"Cleveland-Elyria, OH",39,Ohio,35,Cuyahoga,41.44013,-81.494833
05/31/2026,AQS,390350073,1,0.2,ppm,2,Cleveland Near Road,24,100.0000,42101,Carbon monoxide,554,17460,"Cleveland-Elyria, OH",39,Ohio,35,Cuyahoga,41.44013,-81.494833
06/01/2026,AQS,390350073,1,0.2,ppm,2,Cleveland Near Road,24,100.0000,42101,Carbon monoxide,554,17460,"Cleveland-Elyria, OH",39,Ohio,35,Cuyahoga,41.44013,-81.494833
06/02/2026,AQS,390350073,1,0.2,ppm,2,Cleveland Near Road,24,100.0000,42101,Carbon monoxide,554,17460,"Cleveland-Elyria, OH",39,Ohio,35,Cuyahoga,41.44013,-81.494833
06/03/2026,AQS,390350073,1,0.3,ppm,3,Cleveland Near Road,24,100.0000,42101,Carbon monoxide,554,17460,"Cleveland-Elyria, OH",39,Ohio,35,Cuyahoga,41.44013,-81.494833
06/04/2026,AQS,390350073,1,0.3,ppm,3,Cleveland Near Road,24,100.0000,42101,Carbon monoxide,554,17460,"Cleveland-Elyria, OH",39,Ohio,35,Cuyahoga,41.44013,-81.494833
06/05/2026,AQS,390350073,1,0.3,ppm,3,Cleveland Near Road,24,100.0000,42101,Carbon monoxide,554,17460,"Cleveland-Elyria, OH",39,Ohio,35,Cuyahoga,41.44013,-81.494833
06/06/2026,AQS,390350073,1,0.3,ppm,3,Cleveland Near Road,24,100.0000,42101,Carbon monoxide,554,17460,"Cleveland-Elyria, OH",39,Ohio,35,Cuyahoga,41.44013,-81.494833
06/07/2026,AQS,390350073,1,0.3,ppm,3,Cleveland Near Road,24,100.0000,42101,Carbon monoxide,554,17460,"Cleveland-Elyria, OH",39,Ohio,35,Cuyahoga,41.44013,-81.494833
06/08/2026,AQS,390350073,1,0.2,ppm,2,Cleveland Near Road,24,100.0000,42101,Carbon monoxide,554,17460,"Cleveland-Elyria, OH",39,Ohio,35,Cuyahoga,41.44013,-81.494833
06/09/2026,AQS,390350073,1,0.2,ppm,2,Cleveland Near Road,24,100.0000,42101,Carbon monoxide,554,17460,"Cleveland-Elyria, OH",39,Ohio,35,Cuyahoga,41.44013,-81.494833
06/10/2026,AQS,390350073,1,0.3,ppm,3,Cleveland Near Road,24,100.0000,42101,Carbon monoxide,554,17460,"Cleveland-Elyria, OH",39,Ohio,35,Cuyahoga,41.44013,-81.494833
06/11/2026,AQS,390350073,1,0.2,ppm,2,Cleveland Near Road,24,100.0000,42101,Carbon monoxide,554,17460,"Cleveland-Elyria, OH",39,Ohio,35,Cuyahoga,41.44013,-81.494833
06/12/2026,AQS,390350073,1,0.3,ppm,3,Cleveland Near Road,24,100.0000,42101,Carbon monoxide,554,17460,"Cleveland-Elyria, OH",39,Ohio,35,Cuyahoga,41.44013,-81.494833
06/13/2026,AQS,390350073,1,0.3,ppm,3,Cleveland Near Road,24,100.0000,42101,Carbon monoxide,554,17460,"Cleveland-Elyria, OH",39,Ohio,35,Cuyahoga,41.44013,-81.494833
06/14/2026,AQS,390350073,1,0.2,ppm,2,Cleveland Near Road,24,100.0000,42101,Carbon monoxide,554,17460,"Cleveland-Elyria, OH",39,Ohio,35,Cuyahoga,41.44013,-81.494833
06/15/2026,AQS,390350073,1,0.2,ppm,2,Cleveland Near Road,24,100.0000,42101,Carbon monoxide,554,17460,"Cleveland-Elyria, OH",39,Ohio,35,Cuyahoga,41.44013,-81.494833
06/16/2026,AQS,390350073,1,0.2,ppm,2,Cleveland Near Road,24,100.0000,42101,Carbon monoxide,554,17460,"Cleveland-Elyria, OH",39,Ohio,35,Cuyahoga,41.44013,-81.494833
06/17/2026,AQS,390350073,1,0.2,ppm,2,Cleveland Near Road,24,100.0000,42101,Carbon monoxide,554,17460,"Cleveland-Elyria, OH",39,Ohio,35,Cuyahoga,41.44013,-81.494833
06/18/2026,AQS,390350073,1,0.2,ppm,2,Cleveland Near Road,24,100.0000,42101,Carbon monoxide,554,17460,"Cleveland-Elyria, OH",39,Ohio,35,Cuyahoga,41.44013,-81.494833
06/19/2026,AQS,390350073,1,0.3,ppm,3,Cleveland Near Road,24,100.0000,42101,Carbon monoxide,554,17460,"Cleveland-Elyria, OH",39,Ohio,35,Cuyahoga,41.44013,-81.494833
06/20/2026,AQS,390350073,1,0.2,ppm,2,Cleveland Near Road,24,100.0000,42101,Carbon monoxide,554,17460,"Cleveland-Elyria, OH",39,Ohio,35,Cuyahoga,41.44013,-81.494833
06/21/2026,AQS,390350073,1,0.2,ppm,2,Cleveland Near Road,24,100.0000,42101,Carbon monoxide,554,17460,"Cleveland-Elyria, OH",39,Ohio,35,Cuyahoga,41.44013,-81.494833
06/22/2026,AQS,390350073,1,0.2,ppm,2,Cleveland Near Road,24,100.0000,42101,Carbon monoxide,554,17460,"Cleveland-Elyria, OH",39,Ohio,35,Cuyahoga,41.44013,-81.494833
06/23/2026,AQS,390350073,1,0.2,ppm,2,Cleveland Near Road,24,100.0000,42101,Carbon monoxide,554,17460,"Cleveland-Elyria, OH",39,Ohio,35,Cuyahoga,41.44013,-81.494833
06/24/2026,AQS,390350073,1,0.2,ppm,2,Cleveland Near Road,24,100.0000,42101,Carbon monoxide,554,17460,"Cleveland-Elyria, OH",39,Ohio,35,Cuyahoga,41.44013,-81.494833
06/25/2026,AQS,390350073,1,0.2,ppm,2,Cleveland Near Road,24,100.0000,42101,Carbon monoxide,554,17460,"Cleveland-Elyria, OH",39,Ohio,35,Cuyahoga,41.44013,-81.494833
06/26/2026,AQS,390350073,1,0.3,ppm,3,Cleveland Near Road,24,100.0000,42101,Carbon monoxide,554,17460,"Cleveland-Elyria, OH",39,Ohio,35,Cuyahoga,41.44013,-81.494833
06/27/2026,AQS,390350073,1,0.2,ppm,2,Cleveland Near Road,24,100.0000,42101,Carbon monoxide,554,17460,"Cleveland-Elyria, OH",39,Ohio,35,Cuyahoga,41.44013,-81.494833
06/28/2026,AQS,390350073,1,0.2,ppm,2,Cleveland Near Road,24,100.0000,42101,Carbon monoxide,554,17460,"Cleveland-Elyria, OH",39,Ohio,35,Cuyahoga,41.44013,-81.494833
06/29/2026,AQS,390350073,1,0.2,ppm,2,Cleveland Near Road,24,100.0000,42101,Carbon monoxide,554,17460,"Cleveland-Elyria, OH",39,Ohio,35,Cuyahoga,41.44013,-81.494833
06/30/2026,AQS,390350073,1,0.2,ppm,2,Cleveland Near Road,24,100.0000,42101,Carbon monoxide,554,17460,"Cleveland-Elyria, OH",39,Ohio,35,Cuyahoga,41.44013,-81.494833
07/01/2026,AQS,390350073,1,0.3,ppm,3,Cleveland Near Road,24,100.0000,42101,Carbon monoxide,554,17460,"Cleveland-Elyria, OH",39,Ohio,35,Cuyahoga,41.44013,-81.494833
07/02/2026,AQS,390350073,1,0.3,ppm,3,Cleveland Near Road,24,100.0000,42101,Carbon monoxide,554,17460,"Cleveland-Elyria, OH",39,Ohio,35,Cuyahoga,41.44013,-81.494833
07/03/2026,AQS,390350073,1,0.3,ppm,3,Cleveland Near Road,24,100.0000,42101,Carbon monoxide,554,17460,"Cleveland-Elyria, OH",39,Ohio,35,Cuyahoga,41.44013,-81.494833
07/04/2026,AQS,390350073,1,0.2,ppm,2,Cleveland Near Road,24,100.0000,42101,Carbon monoxide,554,17460,"Cleveland-Elyria, OH",39,Ohio,35,Cuyahoga,41.44013,-81.494833
07/05/2026,AQS,390350073,1,0.2,ppm,2,Cleveland Near Road,19,79.0000,42101,Carbon monoxide,554,17460,"Cleveland-Elyria, OH",39,Ohio,35,Cuyahoga,41.44013,-81.494833
07/09/2026,AQS,390350073,1,0.4,ppm,5,Cleveland Near Road,9,38.0000,42101,Carbon monoxide,554,17460,"Cleveland-Elyria, OH",39,Ohio,35,Cuyahoga,41.44013,-81.494833
07/10/2026,AQS,390350073,1,0.4,ppm,5,Cleveland Near Road,24,100.0000,42101,Carbon monoxide,554,17460,"Cleveland-Elyria, OH",39,Ohio,35,Cuyahoga,41.44013,-81.494833
07/11/2026,AQS,390350073,1,0.3,ppm,3,Cleveland Near Road,24,100.0000,42101,Carbon monoxide,554,17460,"Cleveland-Elyria, OH",39,Ohio,35,Cuyahoga,41.44013,-81.494833
07/12/2026,AQS,390350073,1,0.3,ppm,3,Cleveland Near Road,24,100.0000,42101,Carbon monoxide,554,17460,"Cleveland-Elyria, OH",39,Ohio,35,Cuyahoga,41.44013,-81.494833
07/13/2026,AQS,390350073,1,0.4,ppm,5,Cleveland Near Road,24,100.0000,42101,Carbon monoxide,554,17460,"Cleveland-Elyria, OH",39,Ohio,35,Cuyahoga,41.44013,-81.494833
07/14/2026,AQS,390350073,1,0.5,ppm,6,Cleveland Near Road,24,100.0000,42101,Carbon monoxide,554,17460,"Cleveland-Elyria, OH",39,Ohio,35,Cuyahoga,41.44013,-81.494833
07/15/2026,AQS,390350073,1,0.5,ppm,6,Cleveland Near Road,24,100.0000,42101,Carbon monoxide,554,17460,"Cleveland-Elyria, OH",39,Ohio,35,Cuyahoga,41.44013,-81.494833
07/16/2026,AQS,390350073,1,1.9,ppm,22,Cleveland Near Road,24,100.0000,42101,Carbon monoxide,554,17460,"Cleveland-Elyria, OH",39,Ohio,35,Cuyahoga,41.44013,-81.494833
07/17/2026,AQS,390350073,1,1.8,ppm,20,Cleveland Near Road,24,100.0000,42101,Carbon monoxide,554,17460,"Cleveland-Elyria, OH",39,Ohio,35,Cuyahoga,41.44013,-81.494833
07/18/2026,AQS,390350073,1,1.2,ppm,14,Cleveland Near Road,24,100.0000,42101,Carbon monoxide,554,17460,"Cleveland-Elyria, OH",39,Ohio,35,Cuyahoga,41.44013,-81.494833
07/19/2026,AQS,390350073,1,1.1,ppm,13,Cleveland Near Road,24,100.0000,42101,Carbon monoxide,554,17460,"Cleveland-Elyria, OH",39,Ohio,35,Cuyahoga,41.44013,-81.494833
07/20/2026,AQS,390350073,1,0.4,ppm,5,Cleveland Near Road,24,100.0000,42101,Carbon monoxide,554,17460,"Cleveland-Elyria, OH",39,Ohio,35,Cuyahoga,41.44013,-81.494833
07/21/2026,AQS,390350073,1,0.5,ppm,6,Cleveland Near Road,24,100.0000,42101,Carbon monoxide,554,17460,"Cleveland-Elyria, OH",39,Ohio,35,Cuyahoga,41.44013,-81.494833
07/22/2026,AQS,390350073,1,0.3,ppm,3,Cleveland Near Road,24,100.0000,42101,Carbon monoxide,554,17460,"Cleveland-Elyria, OH",39,Ohio,35,Cuyahoga,41.44013,-81.494833
07/23/2026,AQS,390350073,1,0.2,ppm,2,Cleveland Near Road,24,100.0000,42101,Carbon monoxide,554,17460,"Cleveland-Elyria, OH",39,Ohio,35,Cuyahoga,41.44013,-81.494833
07/24/2026,AQS,390350073,1,0.2,ppm,2,Cleveland Near Road,24,100.0000,42101,Carbon monoxide,554,17460,"Cleveland-Elyria, OH",39,Ohio,35,Cuyahoga,41.44013,-81.494833
07/25/2026,AQS,390350073,1,0.3,ppm,3,Cleveland Near Road,24,100.0000,42101,Carbon monoxide,554,17460,"Cleveland-Elyria, OH",39,Ohio,35,Cuyahoga,41.44013,-81.494833
07/26/2026,AQS,390350073,1,0.4,ppm,5,Cleveland Near Road,24,100.0000,42101,Carbon monoxide,554,17460,"Cleveland-Elyria, OH",39,Ohio,35,Cuyahoga,41.44013,-81.494833
07/27/2026,AQS,390350073,1,0.5,ppm,6,Cleveland Near Road,24,100.0000,42101,Carbon monoxide,554,17460,"Cleveland-Elyria, OH",39,Ohio,35,Cuyahoga,41.44013,-81.494833
07/28/2026,AQS,390350073,1,0.4,ppm,5,Cleveland Near Road,24,100.0000,42101,Carbon monoxide,554,17460,"Cleveland-Elyria, OH",39,Ohio,35,Cuyahoga,41.44013,-81.494833
07/29/2026,AQS,390350073,1,0.3,ppm,3,Cleveland Near Road,24,100.0000,42101,Carbon monoxide,554,17460,"Cleveland-Elyria, OH",39,Ohio,35,Cuyahoga,41.44013,-81.494833
07/30/2026,AQS,390350073,1,0.3,ppm,3,Cleveland Near Road,24,100.0000,42101,Carbon monoxide,554,17460,"Cleveland-Elyria, OH",39,Ohio,35,Cuyahoga,41.44013,-81.494833
07/31/2026,AQS,390350073,1,0.4,ppm,5,Cleveland Near Road,24,100.0000,42101,Carbon monoxide,554,17460,"Cleveland-Elyria, OH",39,Ohio,35,Cuyahoga,41.44013,-81.494833
08/01/2026,AQS,390350073,1,0.3,ppm,3,Cleveland Near Road,2,8.0000,42101,Carbon monoxide,554,17460,"Cleveland-Elyria, OH",39,Ohio,35,Cuyahoga,41.44013,-81.494833